<TICKER>,<DTYYYYMMDD>,<TIME>,<OPEN>,<HIGH>,<LOW>,<CLOSE>,<VOL>
EURUSD,20251124,000000,1.15074,1.15081,1.15072,1.15081,42060000
EURUSD,20251124,000100,1.1508,1.15081,1.15076,1.15077,10690000
EURUSD,20251124,000200,1.15078,1.15082,1.15078,1.15078,7540000
EURUSD,20251124,000300,1.15073,1.15076,1.15069,1.15069,21040000
EURUSD,20251124,000400,1.15067,1.15069,1.15064,1.15066,18680000
EURUSD,20251124,000500,1.15067,1.15069,1.15065,1.15067,31060000
EURUSD,20251124,000600,1.15067,1.15067,1.15063,1.15063,22170000
EURUSD,20251124,000700,1.15064,1.15064,1.1506,1.1506,5400000
EURUSD,20251124,000800,1.15061,1.15064,1.1506,1.15062,10800000
EURUSD,20251124,000900,1.15063,1.15064,1.15058,1.15058,21380000
EURUSD,20251124,001000,1.15059,1.15059,1.15059,1.15059,900000
EURUSD,20251124,001100,1.15062,1.15063,1.1506,1.1506,6480000
EURUSD,20251124,001200,1.15059,1.15059,1.15054,1.15054,6310000
EURUSD,20251124,001300,1.15053,1.15053,1.15048,1.1505,18660000
EURUSD,20251124,001400,1.15051,1.15054,1.15048,1.15053,23550000
EURUSD,20251124,001500,1.15052,1.15058,1.15052,1.15057,33460000
EURUSD,20251124,001600,1.15056,1.15057,1.15054,1.15055,5500000
EURUSD,20251124,001700,1.15055,1.15055,1.15055,1.15055,900000
EURUSD,20251124,001800,1.15052,1.15052,1.15032,1.15033,64490000
EURUSD,20251124,001900,1.15033,1.15033,1.15018,1.15019,45650000
EURUSD,20251124,002000,1.15019,1.15045,1.15019,1.15044,96880000
EURUSD,20251124,002100,1.15048,1.1505,1.15047,1.15049,14050000
EURUSD,20251124,002200,1.15049,1.15063,1.15047,1.15057,30830000
EURUSD,20251124,002300,1.15058,1.15061,1.15051,1.1506,33210000
EURUSD,20251124,002400,1.15062,1.15074,1.15062,1.15064,42510000
EURUSD,20251124,002500,1.15064,1.15066,1.15063,1.15063,6190000
EURUSD,20251124,002600,1.15066,1.15066,1.15063,1.15063,8370000
EURUSD,20251124,002700,1.15066,1.15069,1.15058,1.15058,11120000
EURUSD,20251124,002800,1.15058,1.15058,1.15052,1.15052,12580000
EURUSD,20251124,002900,1.15054,1.15054,1.15054,1.15054,1800000
EURUSD,20251124,003000,1.15055,1.15055,1.15053,1.15054,5580000
EURUSD,20251124,003100,1.15053,1.15053,1.15047,1.15049,7640000
EURUSD,20251124,003200,1.1505,1.1505,1.15048,1.15048,3780000
EURUSD,20251124,003300,1.15047,1.15055,1.15047,1.15049,23850000
EURUSD,20251124,003400,1.15048,1.15049,1.15045,1.15048,19100000
EURUSD,20251124,003500,1.15047,1.15048,1.15041,1.15041,26910000
EURUSD,20251124,003600,1.15042,1.15044,1.15031,1.15032,34880000
EURUSD,20251124,003700,1.15033,1.15035,1.15033,1.15033,9170000
EURUSD,20251124,003800,1.15036,1.15045,1.15036,1.15042,16110000
EURUSD,20251124,003900,1.15044,1.1505,1.15044,1.15048,21490000
EURUSD,20251124,004000,1.15049,1.15058,1.15049,1.15056,25350000
EURUSD,20251124,004100,1.15058,1.15058,1.15055,1.15057,6240000
EURUSD,20251124,004200,1.15055,1.15055,1.15047,1.15049,13440000
EURUSD,20251124,004300,1.15045,1.15049,1.15044,1.15047,9740000
EURUSD,20251124,004400,1.15048,1.15048,1.15047,1.15047,3560000
EURUSD,20251124,004500,1.15048,1.15049,1.15042,1.15043,17680000
EURUSD,20251124,004700,1.15047,1.15054,1.15047,1.15052,8180000
EURUSD,20251124,004800,1.15055,1.15055,1.15048,1.15048,13350000
EURUSD,20251124,004900,1.1505,1.1505,1.15049,1.15049,1800000
EURUSD,20251124,005000,1.1505,1.15054,1.1505,1.15054,6190000
EURUSD,20251124,005100,1.15054,1.15055,1.1505,1.15053,8190000
EURUSD,20251124,005200,1.15052,1.15053,1.1505,1.1505,14860000
EURUSD,20251124,005300,1.15052,1.15055,1.15046,1.1505,17220000
EURUSD,20251124,005400,1.15049,1.15056,1.15049,1.15055,14360000
EURUSD,20251124,005500,1.15054,1.15054,1.15052,1.15052,8620000
EURUSD,20251124,005600,1.15053,1.15059,1.15052,1.15057,60640000
EURUSD,20251124,005700,1.15056,1.15064,1.15056,1.15062,41180000
EURUSD,20251124,005800,1.15061,1.15068,1.15061,1.15064,15920000
EURUSD,20251124,005900,1.15066,1.15068,1.15063,1.15068,3520000
EURUSD,20251124,010000,1.15068,1.15075,1.15068,1.15072,17490000
EURUSD,20251124,010100,1.15069,1.1507,1.15067,1.1507,19050000
EURUSD,20251124,010200,1.15072,1.15089,1.15072,1.15086,24680000
EURUSD,20251124,010300,1.15088,1.1509,1.15079,1.15083,62890000
EURUSD,20251124,010400,1.15083,1.15084,1.15077,1.15079,27900000
EURUSD,20251124,010500,1.15079,1.15079,1.15068,1.1507,27000000
EURUSD,20251124,010600,1.15069,1.15069,1.15064,1.15067,23290000
EURUSD,20251124,010700,1.15066,1.15069,1.15066,1.15068,10800000
EURUSD,20251124,010800,1.15072,1.15075,1.15071,1.15073,36310000
EURUSD,20251124,010900,1.15072,1.15075,1.15072,1.15073,14400000
EURUSD,20251124,011000,1.15075,1.15078,1.15075,1.15075,8190000
EURUSD,20251124,011100,1.15074,1.15074,1.15072,1.15073,6300000
EURUSD,20251124,011200,1.15073,1.15073,1.15067,1.15067,7870000
EURUSD,20251124,011300,1.15068,1.15069,1.15063,1.15064,14400000
EURUSD,20251124,011400,1.1506,1.15063,1.15058,1.15063,22720000
EURUSD,20251124,011500,1.15063,1.15078,1.15063,1.15075,25990000
EURUSD,20251124,011600,1.15076,1.15078,1.15059,1.15062,53100000
EURUSD,20251124,011700,1.15062,1.15062,1.15058,1.1506,13710000
EURUSD,20251124,011800,1.15059,1.15067,1.15059,1.15062,19870000
EURUSD,20251124,011900,1.15065,1.15065,1.15057,1.15057,35670000
EURUSD,20251124,012000,1.15059,1.15059,1.15057,1.15058,7300000
EURUSD,20251124,012100,1.15056,1.15056,1.15053,1.15055,6930000
EURUSD,20251124,012200,1.15054,1.15055,1.15049,1.15049,35420000
EURUSD,20251124,012300,1.1505,1.15055,1.1505,1.15054,38480000
EURUSD,20251124,012400,1.15056,1.1507,1.15055,1.15068,34290000
EURUSD,20251124,012500,1.15069,1.1507,1.15067,1.15069,16970000
EURUSD,20251124,012600,1.15067,1.15067,1.15063,1.15063,15080000
EURUSD,20251124,012700,1.15066,1.15075,1.15063,1.15073,25890000
EURUSD,20251124,012800,1.15077,1.15079,1.15074,1.15076,16090000
EURUSD,20251124,012900,1.15078,1.15089,1.15077,1.15088,29480000
EURUSD,20251124,013000,1.1509,1.15094,1.15088,1.1509,30270000
EURUSD,20251124,013100,1.15089,1.15095,1.15087,1.15089,23230000
EURUSD,20251124,013200,1.15089,1.15099,1.15089,1.15099,19800000
EURUSD,20251124,013300,1.15097,1.1511,1.15096,1.15101,38930000
EURUSD,20251124,013400,1.151,1.15103,1.15097,1.15102,27950000
EURUSD,20251124,013500,1.15103,1.15104,1.15089,1.15089,72880000
EURUSD,20251124,013600,1.15088,1.15093,1.15083,1.15091,96080000
EURUSD,20251124,013700,1.15092,1.15093,1.15083,1.15084,21210000
EURUSD,20251124,013800,1.15085,1.15097,1.15085,1.15095,29430000
EURUSD,20251124,013900,1.15096,1.15099,1.15094,1.15096,29380000
EURUSD,20251124,014000,1.15094,1.15099,1.15093,1.15097,38910000
EURUSD,20251124,014100,1.15095,1.15105,1.15095,1.15101,58150000
EURUSD,20251124,014200,1.15102,1.15105,1.15101,1.15104,28620000
EURUSD,20251124,014300,1.15102,1.15109,1.15102,1.15107,35890000
EURUSD,20251124,014400,1.15109,1.15114,1.15106,1.15113,52200000
EURUSD,20251124,014500,1.15116,1.15116,1.15111,1.15114,65290000
EURUSD,20251124,014600,1.15112,1.15114,1.15111,1.15111,17520000
EURUSD,20251124,014700,1.15111,1.15114,1.1511,1.15112,34830000
EURUSD,20251124,014800,1.15112,1.15113,1.15112,1.15113,10110000
EURUSD,20251124,014900,1.15116,1.15128,1.15116,1.15123,46060000
EURUSD,20251124,015000,1.15125,1.15128,1.15117,1.15117,35110000
EURUSD,20251124,015100,1.15117,1.15119,1.15108,1.15112,56920000
EURUSD,20251124,015200,1.15113,1.15113,1.15103,1.15103,31260000
EURUSD,20251124,015300,1.15104,1.15116,1.15104,1.15114,40330000
EURUSD,20251124,015400,1.15113,1.15116,1.15106,1.15106,37870000
EURUSD,20251124,015500,1.15107,1.15107,1.15101,1.15101,25720000
EURUSD,20251124,015600,1.151,1.151,1.15088,1.15092,58710000
EURUSD,20251124,015700,1.15091,1.15094,1.15083,1.15089,55280000
EURUSD,20251124,015800,1.15089,1.15098,1.15088,1.15095,66570000
EURUSD,20251124,015900,1.15097,1.15105,1.15095,1.15102,58500000
EURUSD,20251124,020000,1.15102,1.15106,1.15102,1.15104,34090000
EURUSD,20251124,020100,1.15104,1.15115,1.15103,1.15114,54790000
EURUSD,20251124,020200,1.15114,1.15119,1.15113,1.15118,42210000
EURUSD,20251124,020300,1.15118,1.15121,1.15102,1.15104,54200000
EURUSD,20251124,020400,1.15104,1.15118,1.15103,1.15114,50740000
EURUSD,20251124,020500,1.15115,1.15119,1.15115,1.15117,28240000
EURUSD,20251124,020600,1.15116,1.15119,1.15113,1.15119,27670000
EURUSD,20251124,020700,1.15119,1.15122,1.15117,1.15119,59400000
EURUSD,20251124,020800,1.15119,1.15119,1.15117,1.15118,37600000
EURUSD,20251124,020900,1.15117,1.15118,1.15106,1.15115,57610000
EURUSD,20251124,021000,1.15115,1.15122,1.15115,1.15121,46800000
EURUSD,20251124,021100,1.15122,1.15126,1.15122,1.15123,23630000
EURUSD,20251124,021200,1.15123,1.15132,1.15123,1.15128,50080000
EURUSD,20251124,021300,1.15127,1.1514,1.15127,1.1514,38590000
EURUSD,20251124,021400,1.15138,1.15142,1.15137,1.15138,32200000
EURUSD,20251124,021500,1.15141,1.15155,1.15135,1.15136,86670000
EURUSD,20251124,021600,1.15136,1.1515,1.15136,1.15147,48920000
EURUSD,20251124,021700,1.1515,1.15152,1.15132,1.15132,75130000
EURUSD,20251124,021800,1.15132,1.15147,1.15129,1.15142,47090000
EURUSD,20251124,021900,1.15142,1.15148,1.1514,1.15142,53630000
EURUSD,20251124,022000,1.15142,1.15146,1.1514,1.15142,60910000
EURUSD,20251124,022100,1.15144,1.15144,1.15139,1.15142,63350000
EURUSD,20251124,022200,1.15144,1.15146,1.1514,1.15143,99330000
EURUSD,20251124,022300,1.15145,1.15146,1.15142,1.15144,15190000
EURUSD,20251124,022400,1.15145,1.15146,1.15143,1.15146,8100000
EURUSD,20251124,022500,1.15144,1.15149,1.15141,1.15145,52090000
EURUSD,20251124,022600,1.15144,1.1515,1.15141,1.1515,49590000
EURUSD,20251124,022700,1.15149,1.15149,1.15145,1.15148,30990000
EURUSD,20251124,022800,1.15148,1.15152,1.15143,1.15143,26680000
EURUSD,20251124,022900,1.15143,1.15145,1.15141,1.15145,17940000
EURUSD,20251124,023000,1.15145,1.15152,1.15143,1.15151,23180000
EURUSD,20251124,023100,1.15151,1.15152,1.15147,1.15151,43600000
EURUSD,20251124,023200,1.15151,1.15151,1.15142,1.15144,36700000
EURUSD,20251124,023300,1.15145,1.15149,1.15143,1.15145,46720000
EURUSD,20251124,023400,1.15146,1.15156,1.15146,1.15155,51340000
EURUSD,20251124,023500,1.15156,1.15162,1.15156,1.1516,29610000
EURUSD,20251124,023600,1.15162,1.15162,1.15158,1.1516,17370000
EURUSD,20251124,023700,1.15161,1.15164,1.1516,1.1516,14420000
EURUSD,20251124,023800,1.15161,1.15169,1.15161,1.15167,31230000
EURUSD,20251124,023900,1.15166,1.15168,1.15157,1.15163,43570000
EURUSD,20251124,024000,1.15163,1.15163,1.15159,1.15162,57620000
EURUSD,20251124,024100,1.15161,1.15163,1.15158,1.15158,25090000
EURUSD,20251124,024200,1.15159,1.15163,1.15158,1.15162,23100000
EURUSD,20251124,024300,1.15162,1.15171,1.15162,1.15169,33170000
EURUSD,20251124,024400,1.15168,1.15173,1.15166,1.1517,8760000
EURUSD,20251124,024500,1.1517,1.15182,1.1517,1.1518,24270000
EURUSD,20251124,024600,1.15181,1.15181,1.1517,1.15173,22800000
EURUSD,20251124,024700,1.15171,1.15171,1.1517,1.1517,5400000
EURUSD,20251124,024800,1.15172,1.15176,1.15172,1.15174,20590000
EURUSD,20251124,024900,1.15173,1.15174,1.15161,1.15165,24870000
EURUSD,20251124,025000,1.15164,1.15164,1.15161,1.15164,11160000
EURUSD,20251124,025100,1.15164,1.15164,1.15159,1.15162,30730000
EURUSD,20251124,025200,1.15162,1.15164,1.1516,1.15163,42320000
EURUSD,20251124,025300,1.15161,1.15164,1.15154,1.15157,43650000
EURUSD,20251124,025400,1.15156,1.15165,1.15156,1.15165,10800000
EURUSD,20251124,025500,1.15161,1.15179,1.15161,1.15178,63680000
EURUSD,20251124,025600,1.1518,1.15182,1.15166,1.15166,59180000
EURUSD,20251124,025700,1.15165,1.15166,1.15152,1.15154,51410000
EURUSD,20251124,025800,1.15153,1.15156,1.15144,1.15154,36210000
EURUSD,20251124,025900,1.15156,1.15159,1.15155,1.15158,38340000
EURUSD,20251124,030000,1.15161,1.15172,1.15161,1.15167,43770000
EURUSD,20251124,030100,1.1517,1.1517,1.15162,1.15164,33300000
EURUSD,20251124,030200,1.15162,1.15169,1.1516,1.15166,23670000
EURUSD,20251124,030300,1.15167,1.15178,1.15161,1.15162,44670000
EURUSD,20251124,030400,1.15163,1.15165,1.1516,1.15164,23100000
EURUSD,20251124,030500,1.15165,1.15169,1.15163,1.15164,13280000
EURUSD,20251124,030600,1.15168,1.15168,1.15159,1.15159,19360000
EURUSD,20251124,030700,1.15158,1.15159,1.15155,1.15159,14470000
EURUSD,20251124,030800,1.15159,1.15164,1.15159,1.15163,7200000
EURUSD,20251124,030900,1.15165,1.15165,1.15164,1.15164,5180000
EURUSD,20251124,031000,1.15165,1.15165,1.1516,1.1516,4390000
EURUSD,20251124,031100,1.15162,1.15163,1.1516,1.15161,24080000
EURUSD,20251124,031200,1.15162,1.15165,1.15162,1.15165,10690000
EURUSD,20251124,031300,1.15163,1.15163,1.15163,1.15163,900000
EURUSD,20251124,031400,1.15164,1.15164,1.1515,1.15154,30620000
EURUSD,20251124,031500,1.15154,1.15155,1.15153,1.15153,5290000
EURUSD,20251124,031600,1.15153,1.15153,1.15143,1.15143,28360000
EURUSD,20251124,031700,1.15147,1.15148,1.15143,1.15143,7990000
EURUSD,20251124,031800,1.15144,1.15144,1.15132,1.15135,14970000
EURUSD,20251124,031900,1.15136,1.15144,1.15135,1.15144,16650000
EURUSD,20251124,032000,1.15145,1.15147,1.15142,1.15143,23270000
EURUSD,20251124,032100,1.15143,1.15148,1.15138,1.15138,18560000
EURUSD,20251124,032200,1.1514,1.15144,1.15139,1.15139,15980000
EURUSD,20251124,032300,1.15138,1.15141,1.15136,1.15137,18680000
EURUSD,20251124,032400,1.15142,1.1515,1.15141,1.15149,9790000
EURUSD,20251124,032500,1.15149,1.1516,1.15149,1.15158,27120000
EURUSD,20251124,032600,1.1516,1.15165,1.1516,1.15165,3600000
EURUSD,20251124,032700,1.15164,1.15164,1.15162,1.15163,12270000
EURUSD,20251124,032800,1.15163,1.15165,1.15161,1.15162,30140000
EURUSD,20251124,032900,1.15162,1.15165,1.15161,1.15165,30050000
EURUSD,20251124,033000,1.15167,1.15174,1.15167,1.15174,9000000
EURUSD,20251124,033100,1.15173,1.15177,1.15173,1.15177,3600000
EURUSD,20251124,033200,1.15176,1.15177,1.15174,1.15174,16970000
EURUSD,20251124,033300,1.15173,1.15175,1.15173,1.15174,5290000
EURUSD,20251124,033400,1.15172,1.15172,1.15171,1.15171,6980000
EURUSD,20251124,033500,1.15172,1.15174,1.1517,1.1517,15190000
EURUSD,20251124,033600,1.15173,1.1518,1.15168,1.1518,27240000
EURUSD,20251124,033700,1.1518,1.15184,1.1518,1.15184,8100000
EURUSD,20251124,033800,1.15184,1.15185,1.15174,1.15174,11920000
EURUSD,20251124,033900,1.15181,1.15186,1.1518,1.1518,18000000
EURUSD,20251124,034000,1.15181,1.15184,1.15181,1.15182,2700000
EURUSD,20251124,034100,1.15178,1.15179,1.15176,1.15179,7090000
EURUSD,20251124,034200,1.15178,1.15183,1.15178,1.15183,8900000
EURUSD,20251124,034300,1.15183,1.15183,1.15181,1.15182,7200000
EURUSD,20251124,034400,1.15184,1.15185,1.15181,1.15183,7200000
EURUSD,20251124,034500,1.15184,1.15185,1.15181,1.15183,11700000
EURUSD,20251124,034600,1.1518,1.15184,1.1518,1.15184,7990000
EURUSD,20251124,034700,1.15184,1.15185,1.15183,1.15185,7200000
EURUSD,20251124,034800,1.15186,1.15186,1.15175,1.15175,21490000
EURUSD,20251124,034900,1.15174,1.15175,1.15174,1.15174,6300000
EURUSD,20251124,035000,1.15177,1.1518,1.15177,1.15178,9000000
EURUSD,20251124,035100,1.15177,1.15189,1.15177,1.15189,28440000
EURUSD,20251124,035200,1.15186,1.15188,1.15185,1.15188,5400000
EURUSD,20251124,035300,1.15189,1.15189,1.15188,1.15188,5400000
EURUSD,20251124,035400,1.15188,1.15188,1.15188,1.15188,900000
EURUSD,20251124,035500,1.15188,1.15188,1.15165,1.1517,29260000
EURUSD,20251124,035600,1.15171,1.15173,1.15168,1.15169,12490000
EURUSD,20251124,035700,1.1517,1.15173,1.15164,1.15173,22280000
EURUSD,20251124,035800,1.15172,1.15172,1.1517,1.15171,6640000
EURUSD,20251124,035900,1.15169,1.15171,1.15158,1.1516,43080000
EURUSD,20251124,040000,1.1516,1.15168,1.15159,1.15162,42910000
EURUSD,20251124,040100,1.15161,1.15161,1.15156,1.15159,32420000
EURUSD,20251124,040200,1.15161,1.15164,1.15159,1.1516,17890000
EURUSD,20251124,040300,1.1516,1.1516,1.1516,1.1516,900000
EURUSD,20251124,040400,1.1516,1.15167,1.1516,1.15167,25010000
EURUSD,20251124,040500,1.15164,1.15171,1.15162,1.15169,14180000
EURUSD,20251124,040600,1.1517,1.15171,1.15169,1.15171,3490000
EURUSD,20251124,040700,1.15169,1.15169,1.15167,1.15168,3600000
EURUSD,20251124,040800,1.15171,1.15174,1.15169,1.15174,13840000
EURUSD,20251124,040900,1.15175,1.15176,1.15175,1.15176,2700000
EURUSD,20251124,041000,1.15174,1.1518,1.15174,1.1518,8890000
EURUSD,20251124,041100,1.15178,1.15178,1.15173,1.15173,8780000
EURUSD,20251124,041200,1.15177,1.1518,1.15174,1.15174,25990000
EURUSD,20251124,041300,1.15174,1.15179,1.15174,1.15175,16990000
EURUSD,20251124,041400,1.15174,1.15175,1.15172,1.15172,29630000
EURUSD,20251124,041500,1.15173,1.15186,1.15173,1.15186,24080000
EURUSD,20251124,041600,1.15184,1.15188,1.15183,1.15188,10250000
EURUSD,20251124,041700,1.15188,1.15189,1.15185,1.15187,25010000
EURUSD,20251124,041800,1.15188,1.15188,1.15183,1.15186,15300000
EURUSD,20251124,041900,1.15188,1.15189,1.15184,1.15185,7990000
EURUSD,20251124,042000,1.15185,1.15187,1.15184,1.15184,4390000
EURUSD,20251124,042100,1.15183,1.15188,1.15181,1.15186,13500000
EURUSD,20251124,042200,1.15185,1.15187,1.15183,1.15183,8890000
EURUSD,20251124,042300,1.15182,1.15183,1.15182,1.15183,1800000
EURUSD,20251124,042400,1.15182,1.15185,1.15181,1.15184,34990000
EURUSD,20251124,042500,1.15187,1.15189,1.15186,1.15189,11690000
EURUSD,20251124,042600,1.15189,1.15193,1.15188,1.15191,25770000
EURUSD,20251124,042700,1.15188,1.15188,1.15182,1.15187,15190000
EURUSD,20251124,042800,1.15186,1.15187,1.15185,1.15187,14970000
EURUSD,20251124,042900,1.15186,1.15186,1.15185,1.15185,3380000
EURUSD,20251124,043000,1.15187,1.15191,1.15187,1.15189,11480000
EURUSD,20251124,043100,1.1519,1.1519,1.15185,1.15185,8670000
EURUSD,20251124,043200,1.15185,1.15185,1.15181,1.15183,10470000
EURUSD,20251124,043300,1.15185,1.15185,1.15183,1.15184,2700000
EURUSD,20251124,043400,1.15184,1.15184,1.15184,1.15184,1800000
EURUSD,20251124,043500,1.15183,1.15183,1.15181,1.15183,2700000
EURUSD,20251124,043600,1.15184,1.15184,1.15182,1.15183,4500000
EURUSD,20251124,043700,1.15185,1.15185,1.15182,1.15184,20920000
EURUSD,20251124,043800,1.15187,1.15189,1.15187,1.15189,14400000
EURUSD,20251124,043900,1.15188,1.1519,1.15188,1.15189,9000000
EURUSD,20251124,044000,1.15186,1.15186,1.15182,1.15184,11700000
EURUSD,20251124,044100,1.15182,1.15182,1.15182,1.15182,900000
EURUSD,20251124,044200,1.15183,1.15186,1.15183,1.15183,10580000
EURUSD,20251124,044300,1.1518,1.15183,1.15179,1.15183,5180000
EURUSD,20251124,044500,1.15183,1.15185,1.15183,1.15183,2700000
EURUSD,20251124,044600,1.15183,1.15183,1.15178,1.15182,12130000
EURUSD,20251124,044700,1.15182,1.15184,1.15182,1.15184,2700000
EURUSD,20251124,044800,1.15186,1.15192,1.15186,1.15192,20590000
EURUSD,20251124,044900,1.15195,1.15198,1.15192,1.15197,13390000
EURUSD,20251124,045000,1.15195,1.15195,1.15191,1.15193,6980000
EURUSD,20251124,045100,1.15194,1.15198,1.15194,1.15195,14400000
EURUSD,20251124,045200,1.15194,1.15195,1.15193,1.15193,4170000
EURUSD,20251124,045300,1.15193,1.15193,1.15193,1.15193,900000
EURUSD,20251124,045400,1.15194,1.15198,1.15193,1.15197,17080000
EURUSD,20251124,045500,1.152,1.15208,1.152,1.15208,28690000
EURUSD,20251124,045600,1.15209,1.15215,1.15209,1.15214,34750000
EURUSD,20251124,045700,1.15214,1.15214,1.15205,1.15208,19700000
EURUSD,20251124,045800,1.15208,1.15213,1.15204,1.15213,36240000
EURUSD,20251124,045900,1.15212,1.15212,1.15206,1.15206,10470000
EURUSD,20251124,050000,1.15208,1.15223,1.15207,1.15221,52530000
EURUSD,20251124,050100,1.15222,1.15224,1.15219,1.15219,18970000
EURUSD,20251124,050200,1.1522,1.15225,1.15219,1.15225,18900000
EURUSD,20251124,050300,1.15224,1.15224,1.15222,1.15224,3600000
EURUSD,20251124,050400,1.15227,1.15251,1.15224,1.15251,38790000
EURUSD,20251124,050500,1.15255,1.15262,1.1525,1.15258,53510000
EURUSD,20251124,050600,1.15259,1.15277,1.15259,1.15273,71270000
EURUSD,20251124,050700,1.15272,1.15275,1.15271,1.15272,34200000
EURUSD,20251124,050800,1.15275,1.15281,1.15268,1.15277,46610000
EURUSD,20251124,050900,1.15278,1.15278,1.15262,1.15263,35430000
EURUSD,20251124,051000,1.15264,1.15267,1.15257,1.15257,27450000
EURUSD,20251124,051100,1.15258,1.15262,1.15252,1.15252,26320000
EURUSD,20251124,051200,1.15255,1.15255,1.1524,1.15243,28810000
EURUSD,20251124,051300,1.15245,1.15249,1.15244,1.15249,14940000
EURUSD,20251124,051400,1.15247,1.1525,1.15243,1.15248,33420000
EURUSD,20251124,051500,1.15247,1.15251,1.15243,1.15251,83130000
EURUSD,20251124,051600,1.1525,1.15253,1.15246,1.15248,97920000
EURUSD,20251124,051700,1.15248,1.15249,1.15245,1.15248,36820000
EURUSD,20251124,051800,1.15247,1.15252,1.15247,1.15252,26250000
EURUSD,20251124,051900,1.1525,1.15253,1.15247,1.15248,39360000
EURUSD,20251124,052000,1.15246,1.15252,1.15245,1.15248,135250000
EURUSD,20251124,052100,1.15247,1.15248,1.15239,1.15241,128850000
EURUSD,20251124,052200,1.15242,1.15242,1.15236,1.1524,15650000
EURUSD,20251124,052300,1.15243,1.15244,1.15238,1.15238,12160000
EURUSD,20251124,052400,1.1524,1.1525,1.1524,1.1525,13500000
EURUSD,20251124,052500,1.15253,1.15253,1.15239,1.15245,112750000
EURUSD,20251124,052600,1.15245,1.1525,1.15245,1.15246,25780000
EURUSD,20251124,052700,1.15246,1.1525,1.15245,1.15246,21600000
EURUSD,20251124,052800,1.15245,1.15246,1.15238,1.15241,124460000
EURUSD,20251124,052900,1.15241,1.15242,1.15238,1.15242,55820000
EURUSD,20251124,053000,1.15242,1.15253,1.1524,1.15242,122170000
EURUSD,20251124,053100,1.15241,1.15246,1.15225,1.15233,159320000
EURUSD,20251124,053200,1.15233,1.15238,1.15231,1.15237,77710000
EURUSD,20251124,053300,1.15237,1.15244,1.15236,1.15242,83770000
EURUSD,20251124,053400,1.15243,1.15243,1.15239,1.15242,19700000
EURUSD,20251124,053500,1.15245,1.15248,1.15245,1.15248,14070000
EURUSD,20251124,053600,1.15249,1.15249,1.15241,1.15241,13170000
EURUSD,20251124,053700,1.15239,1.15245,1.15239,1.15243,14970000
EURUSD,20251124,053800,1.15242,1.15242,1.15236,1.15237,13430000
EURUSD,20251124,053900,1.15237,1.15239,1.15235,1.15235,11870000
EURUSD,20251124,054000,1.15237,1.15251,1.15237,1.15251,43590000
EURUSD,20251124,054100,1.15251,1.15256,1.15247,1.15248,147520000
EURUSD,20251124,054200,1.1525,1.15259,1.1525,1.15256,31070000
EURUSD,20251124,054300,1.15256,1.15262,1.15256,1.15262,67920000
EURUSD,20251124,054400,1.15263,1.15263,1.15263,1.15263,1800000
EURUSD,20251124,054500,1.15261,1.15261,1.15242,1.1525,106080000
EURUSD,20251124,054600,1.15249,1.1525,1.15245,1.15245,34450000
EURUSD,20251124,054700,1.15245,1.15248,1.15245,1.15246,80180000
EURUSD,20251124,054800,1.15245,1.15246,1.15244,1.15245,69770000
EURUSD,20251124,054900,1.15247,1.15256,1.15247,1.15255,44360000
EURUSD,20251124,055000,1.15255,1.15255,1.15253,1.15253,5400000
EURUSD,20251124,055100,1.15252,1.15259,1.15252,1.15259,10800000
EURUSD,20251124,055200,1.15257,1.15257,1.15251,1.15251,16970000
EURUSD,20251124,055300,1.1525,1.1525,1.15238,1.15241,50630000
EURUSD,20251124,055400,1.15243,1.15254,1.15242,1.15251,21490000
EURUSD,20251124,055500,1.1525,1.1525,1.15234,1.15235,46390000
EURUSD,20251124,055600,1.15237,1.15243,1.15234,1.15243,37580000
EURUSD,20251124,055700,1.15241,1.15241,1.15225,1.15226,62250000
EURUSD,20251124,055800,1.15228,1.15232,1.15228,1.1523,14180000
EURUSD,20251124,055900,1.15229,1.15229,1.15222,1.15224,18650000
EURUSD,20251124,060000,1.15224,1.1523,1.1522,1.15228,20260000
EURUSD,20251124,060100,1.15228,1.15242,1.15228,1.15242,13710000
EURUSD,20251124,060200,1.15244,1.1526,1.15243,1.15252,60510000
EURUSD,20251124,060300,1.1525,1.15254,1.1525,1.15252,31260000
EURUSD,20251124,060400,1.15258,1.15268,1.15258,1.15263,59740000
EURUSD,20251124,060500,1.15262,1.15264,1.1526,1.15263,23180000
EURUSD,20251124,060600,1.15262,1.15268,1.15259,1.15267,48030000
EURUSD,20251124,060700,1.15267,1.15268,1.15252,1.15252,56810000
EURUSD,20251124,060800,1.15254,1.15258,1.15251,1.15252,55800000
EURUSD,20251124,060900,1.15252,1.15252,1.15238,1.15239,30600000
EURUSD,20251124,061000,1.15237,1.15238,1.15232,1.15232,35270000
EURUSD,20251124,061100,1.15234,1.15236,1.1523,1.1523,28590000
EURUSD,20251124,061200,1.1523,1.15238,1.1523,1.15233,18900000
EURUSD,20251124,061300,1.1523,1.15235,1.15229,1.15231,48350000
EURUSD,20251124,061400,1.15231,1.15231,1.15229,1.15229,14970000
EURUSD,20251124,061500,1.15231,1.15233,1.15231,1.15233,31330000
EURUSD,20251124,061600,1.15232,1.15241,1.15232,1.15237,50010000
EURUSD,20251124,061700,1.15236,1.15238,1.15236,1.15236,23370000
EURUSD,20251124,061800,1.15239,1.15239,1.15231,1.15232,27580000
EURUSD,20251124,061900,1.15233,1.15238,1.1523,1.15238,23160000
EURUSD,20251124,062000,1.15239,1.15246,1.15239,1.15241,33170000
EURUSD,20251124,062100,1.1524,1.15244,1.1524,1.15241,12160000
EURUSD,20251124,062200,1.1524,1.1524,1.1523,1.15231,102030000
EURUSD,20251124,062300,1.15231,1.15234,1.15227,1.15231,55200000
EURUSD,20251124,062400,1.15235,1.15251,1.15233,1.15242,149490000
EURUSD,20251124,062500,1.15242,1.15244,1.15232,1.15244,79210000
EURUSD,20251124,062600,1.15245,1.1525,1.15245,1.15245,41160000
EURUSD,20251124,062700,1.15244,1.1525,1.15242,1.15242,67690000
EURUSD,20251124,062800,1.15242,1.15247,1.15238,1.15238,67160000
EURUSD,20251124,062900,1.15238,1.15244,1.15234,1.15234,70320000
EURUSD,20251124,063000,1.15237,1.15237,1.15226,1.15233,41630000
EURUSD,20251124,063100,1.15235,1.15237,1.15232,1.15232,16090000
EURUSD,20251124,063200,1.15233,1.15243,1.15233,1.15236,51860000
EURUSD,20251124,063300,1.15237,1.15244,1.15237,1.15244,19800000
EURUSD,20251124,063400,1.15244,1.15246,1.15238,1.15241,41690000
EURUSD,20251124,063500,1.15242,1.15245,1.15242,1.15243,11880000
EURUSD,20251124,063600,1.15242,1.15247,1.15242,1.15246,52180000
EURUSD,20251124,063700,1.15244,1.15244,1.15238,1.15243,34190000
EURUSD,20251124,063800,1.15244,1.1525,1.15244,1.15248,21600000
EURUSD,20251124,063900,1.15248,1.15252,1.1524,1.15242,93040000
EURUSD,20251124,064000,1.15241,1.15241,1.15227,1.15232,67420000
EURUSD,20251124,064100,1.15231,1.15237,1.1523,1.15237,51160000
EURUSD,20251124,064200,1.15238,1.15241,1.15238,1.1524,16090000
EURUSD,20251124,064300,1.1524,1.15245,1.15238,1.15245,18900000
EURUSD,20251124,064400,1.15243,1.15245,1.15239,1.15243,32690000
EURUSD,20251124,064500,1.15242,1.15244,1.1524,1.15244,20370000
EURUSD,20251124,064600,1.15244,1.1525,1.15243,1.1525,24170000
EURUSD,20251124,064700,1.15249,1.15249,1.15235,1.15235,31010000
EURUSD,20251124,064800,1.15235,1.15244,1.15235,1.15239,28810000
EURUSD,20251124,064900,1.15237,1.15241,1.15236,1.15238,21600000
EURUSD,20251124,065000,1.15236,1.15238,1.15233,1.15233,42090000
EURUSD,20251124,065100,1.15234,1.15237,1.15233,1.15237,52430000
EURUSD,20251124,065200,1.15235,1.15235,1.15224,1.15228,48270000
EURUSD,20251124,065300,1.15228,1.15234,1.15214,1.15216,68750000
EURUSD,20251124,065400,1.15218,1.15219,1.15214,1.15218,15300000
EURUSD,20251124,065500,1.1522,1.15221,1.15214,1.15214,27000000
EURUSD,20251124,065600,1.15213,1.15223,1.15213,1.1522,48720000
EURUSD,20251124,065700,1.15216,1.15216,1.15198,1.15202,119830000
EURUSD,20251124,065800,1.15203,1.1521,1.15203,1.15207,36200000
EURUSD,20251124,065900,1.15207,1.15207,1.15201,1.15207,50660000
EURUSD,20251124,070000,1.15207,1.15207,1.15185,1.15202,228260000
EURUSD,20251124,070100,1.15203,1.15205,1.15197,1.15199,25290000
EURUSD,20251124,070200,1.15202,1.15202,1.15195,1.15199,15080000
EURUSD,20251124,070300,1.152,1.15203,1.15195,1.15198,35440000
EURUSD,20251124,070400,1.15196,1.1521,1.15196,1.1521,45330000
EURUSD,20251124,070500,1.15211,1.15214,1.15184,1.15189,76640000
EURUSD,20251124,070600,1.1519,1.15193,1.15171,1.15171,58210000
EURUSD,20251124,070700,1.15172,1.15179,1.15165,1.15165,54990000
EURUSD,20251124,070800,1.15164,1.15176,1.15164,1.15171,36890000
EURUSD,20251124,070900,1.15175,1.15182,1.15175,1.15181,60300000
EURUSD,20251124,071000,1.1518,1.15189,1.15179,1.15189,47780000
EURUSD,20251124,071100,1.1519,1.15192,1.15175,1.15176,40960000
EURUSD,20251124,071200,1.15179,1.15184,1.15179,1.15179,28560000
EURUSD,20251124,071300,1.15183,1.15183,1.15172,1.15172,65190000
EURUSD,20251124,071400,1.15172,1.15183,1.15168,1.15182,40680000
EURUSD,20251124,071500,1.15183,1.1519,1.15171,1.15175,67430000
EURUSD,20251124,071600,1.15175,1.15175,1.15171,1.15174,19470000
EURUSD,20251124,071700,1.15172,1.15175,1.15167,1.15169,26210000
EURUSD,20251124,071800,1.15171,1.15184,1.15171,1.15178,40960000
EURUSD,20251124,071900,1.15177,1.15186,1.15177,1.15182,37240000
EURUSD,20251124,072000,1.15182,1.15182,1.15166,1.15168,62170000
EURUSD,20251124,072100,1.15168,1.15174,1.15161,1.15161,104990000
EURUSD,20251124,072200,1.15162,1.15176,1.15162,1.15176,68870000
EURUSD,20251124,072300,1.15177,1.15204,1.15177,1.15202,78430000
EURUSD,20251124,072400,1.15202,1.15203,1.15179,1.15183,107310000
EURUSD,20251124,072500,1.15184,1.15192,1.15183,1.15191,67610000
EURUSD,20251124,072600,1.1519,1.15193,1.15184,1.15188,101070000
EURUSD,20251124,072700,1.15187,1.15188,1.1518,1.15188,81140000
EURUSD,20251124,072800,1.1519,1.15195,1.15178,1.15183,111970000
EURUSD,20251124,072900,1.15181,1.15191,1.1518,1.15191,29240000
EURUSD,20251124,073000,1.1519,1.15196,1.15188,1.15193,110250000
EURUSD,20251124,073100,1.15194,1.15204,1.15189,1.15203,95440000
EURUSD,20251124,073200,1.15203,1.15219,1.15201,1.15217,49650000
EURUSD,20251124,073300,1.15215,1.15217,1.15204,1.15204,33730000
EURUSD,20251124,073400,1.15207,1.15209,1.15203,1.15209,28360000
EURUSD,20251124,073500,1.15209,1.15217,1.15199,1.15214,45260000
EURUSD,20251124,073600,1.15211,1.15223,1.15203,1.15204,49040000
EURUSD,20251124,073700,1.15206,1.15209,1.15203,1.15209,13390000
EURUSD,20251124,073800,1.15207,1.15215,1.15203,1.15203,34920000
EURUSD,20251124,073900,1.15201,1.15202,1.1519,1.15193,34710000
EURUSD,20251124,074000,1.15193,1.15199,1.15182,1.15199,49370000
EURUSD,20251124,074100,1.15198,1.15198,1.1518,1.1518,24600000
EURUSD,20251124,074200,1.15183,1.15185,1.15178,1.15179,23070000
EURUSD,20251124,074300,1.15181,1.15182,1.15161,1.15162,71390000
EURUSD,20251124,074400,1.15162,1.15185,1.15162,1.15176,59840000
EURUSD,20251124,074500,1.15178,1.15187,1.15175,1.15185,51100000
EURUSD,20251124,074600,1.15183,1.15183,1.15165,1.1517,104850000
EURUSD,20251124,074700,1.1517,1.1517,1.15146,1.15159,97070000
EURUSD,20251124,074800,1.15161,1.15165,1.15151,1.15151,43090000
EURUSD,20251124,074900,1.1515,1.15154,1.15148,1.15148,57500000
EURUSD,20251124,075000,1.15147,1.15152,1.15138,1.15138,37250000
EURUSD,20251124,075100,1.15139,1.15156,1.15139,1.1515,34660000
EURUSD,20251124,075200,1.15148,1.15148,1.15134,1.15141,34760000
EURUSD,20251124,075300,1.15142,1.15155,1.15138,1.15154,49130000
EURUSD,20251124,075400,1.15151,1.15151,1.15133,1.15133,42670000
EURUSD,20251124,075500,1.15129,1.15129,1.15119,1.15125,52090000
EURUSD,20251124,075600,1.15126,1.1513,1.15117,1.15119,80650000
EURUSD,20251124,075700,1.15118,1.15128,1.15113,1.15125,74220000
EURUSD,20251124,075800,1.15125,1.15133,1.15122,1.15122,113190000
EURUSD,20251124,075900,1.15123,1.15126,1.15111,1.15118,71580000
EURUSD,20251124,080000,1.1512,1.15133,1.15097,1.15133,147310000
EURUSD,20251124,080100,1.15131,1.15164,1.15131,1.15157,121970000
EURUSD,20251124,080200,1.15158,1.15163,1.15151,1.15163,66780000
EURUSD,20251124,080300,1.15164,1.15175,1.15163,1.15175,40050000
EURUSD,20251124,080400,1.15173,1.15194,1.15172,1.15193,52090000
EURUSD,20251124,080500,1.15193,1.1521,1.15192,1.15208,93010000
EURUSD,20251124,080600,1.15209,1.15223,1.15209,1.15223,65840000
EURUSD,20251124,080700,1.15228,1.15256,1.15225,1.15243,105420000
EURUSD,20251124,080800,1.15243,1.15243,1.15229,1.15231,84710000
EURUSD,20251124,080900,1.15236,1.15236,1.15213,1.15213,59520000
EURUSD,20251124,081000,1.15215,1.15236,1.15213,1.1523,50050000
EURUSD,20251124,081100,1.15232,1.15259,1.15232,1.15255,63960000
EURUSD,20251124,081200,1.15257,1.15264,1.15256,1.15258,97250000
EURUSD,20251124,081300,1.1526,1.15293,1.1526,1.15289,80060000
EURUSD,20251124,081400,1.15288,1.15289,1.15265,1.15265,61400000
EURUSD,20251124,081500,1.15274,1.15275,1.15268,1.15271,81000000
EURUSD,20251124,081600,1.1527,1.15276,1.15259,1.15262,59020000
EURUSD,20251124,081700,1.15264,1.15272,1.15259,1.15269,51180000
EURUSD,20251124,081800,1.1527,1.15293,1.1527,1.15273,117530000
EURUSD,20251124,081900,1.15273,1.153,1.15272,1.15293,144440000
EURUSD,20251124,082000,1.1529,1.15315,1.15287,1.15312,105270000
EURUSD,20251124,082100,1.15312,1.15326,1.15307,1.15316,155080000
EURUSD,20251124,082200,1.15315,1.15334,1.15304,1.15325,134790000
EURUSD,20251124,082300,1.15326,1.15331,1.15319,1.15328,49500000
EURUSD,20251124,082400,1.15327,1.15327,1.15298,1.15298,56370000
EURUSD,20251124,082500,1.15299,1.15311,1.15294,1.1531,55160000
EURUSD,20251124,082600,1.1531,1.15332,1.15305,1.15321,121630000
EURUSD,20251124,082700,1.15322,1.1533,1.15311,1.15317,101560000
EURUSD,20251124,082800,1.15317,1.1533,1.15313,1.15329,110720000
EURUSD,20251124,082900,1.15329,1.15337,1.15321,1.15333,100430000
EURUSD,20251124,083000,1.15335,1.15342,1.15307,1.15309,128210000
EURUSD,20251124,083100,1.15307,1.15309,1.15292,1.15296,109160000
EURUSD,20251124,083200,1.15295,1.15314,1.15293,1.1531,86870000
EURUSD,20251124,083300,1.15309,1.15309,1.15291,1.15305,140100000
EURUSD,20251124,083400,1.15303,1.15326,1.15303,1.15317,80280000
EURUSD,20251124,083500,1.15317,1.15334,1.15316,1.15332,88090000
EURUSD,20251124,083600,1.15336,1.15336,1.15319,1.15326,112270000
EURUSD,20251124,083700,1.15327,1.15337,1.1532,1.15333,104840000
EURUSD,20251124,083800,1.15333,1.15334,1.15311,1.15312,85390000
EURUSD,20251124,083900,1.15314,1.15336,1.15313,1.15333,55040000
EURUSD,20251124,084000,1.15334,1.15334,1.15306,1.1531,46740000
EURUSD,20251124,084100,1.15309,1.15315,1.15303,1.15305,95980000
EURUSD,20251124,084200,1.15307,1.15315,1.15288,1.15313,73690000
EURUSD,20251124,084300,1.15312,1.15321,1.15297,1.15305,78860000
EURUSD,20251124,084400,1.15304,1.15318,1.15299,1.15313,73240000
EURUSD,20251124,084500,1.15311,1.15316,1.15303,1.15309,106670000
EURUSD,20251124,084600,1.15311,1.15312,1.15299,1.15302,74010000
EURUSD,20251124,084700,1.153,1.15301,1.15282,1.15287,45440000
EURUSD,20251124,084800,1.15288,1.15296,1.15286,1.15287,39160000
EURUSD,20251124,084900,1.15287,1.15308,1.15276,1.15308,58200000
EURUSD,20251124,085000,1.1531,1.15318,1.15307,1.15315,47450000
EURUSD,20251124,085100,1.15315,1.15315,1.15297,1.15312,72000000
EURUSD,20251124,085200,1.15316,1.1532,1.15301,1.15304,74520000
EURUSD,20251124,085300,1.15304,1.15304,1.15293,1.15298,41290000
EURUSD,20251124,085400,1.15299,1.15307,1.15293,1.15296,69170000
EURUSD,20251124,085500,1.15294,1.15296,1.15262,1.15266,76860000
EURUSD,20251124,085600,1.15268,1.15282,1.15268,1.15282,51640000
EURUSD,20251124,085700,1.15284,1.15284,1.15278,1.1528,34450000
EURUSD,20251124,085800,1.15282,1.153,1.15282,1.15294,86210000
EURUSD,20251124,085900,1.15296,1.15296,1.15276,1.15278,80180000
EURUSD,20251124,090000,1.15277,1.15294,1.15274,1.15274,122440000
EURUSD,20251124,090100,1.15274,1.15289,1.15265,1.1527,77440000
EURUSD,20251124,090200,1.15271,1.15296,1.1527,1.15291,72230000
EURUSD,20251124,090300,1.15293,1.15298,1.15285,1.15297,63350000
EURUSD,20251124,090400,1.15296,1.15323,1.15296,1.15322,39600000
EURUSD,20251124,090500,1.15321,1.15332,1.15309,1.15312,105300000
EURUSD,20251124,090600,1.15313,1.15319,1.15305,1.15318,62780000
EURUSD,20251124,090700,1.15322,1.15323,1.1531,1.15323,49840000
EURUSD,20251124,090800,1.15321,1.15342,1.15321,1.15342,52090000
EURUSD,20251124,090900,1.15342,1.15344,1.15327,1.15327,43380000
EURUSD,20251124,091000,1.15326,1.15328,1.15318,1.15321,44840000
EURUSD,20251124,091100,1.1532,1.1532,1.15285,1.15285,65380000
EURUSD,20251124,091200,1.15282,1.15289,1.15274,1.15276,66820000
EURUSD,20251124,091300,1.15278,1.15294,1.15278,1.15293,120010000
EURUSD,20251124,091400,1.15292,1.15296,1.15274,1.15282,88190000
EURUSD,20251124,091500,1.15283,1.15293,1.15281,1.15283,67300000
EURUSD,20251124,091600,1.15283,1.15286,1.1528,1.1528,52010000
EURUSD,20251124,091700,1.1528,1.15283,1.1527,1.15278,56150000
EURUSD,20251124,091800,1.1528,1.15292,1.15274,1.15277,69290000
EURUSD,20251124,091900,1.15276,1.15281,1.1526,1.15263,67410000
EURUSD,20251124,092000,1.15263,1.15268,1.15261,1.15263,24280000
EURUSD,20251124,092100,1.15263,1.15279,1.15262,1.15268,25180000
EURUSD,20251124,092200,1.15268,1.15284,1.15268,1.15278,61660000
EURUSD,20251124,092300,1.15276,1.15284,1.15268,1.15284,54350000
EURUSD,20251124,092400,1.15282,1.15286,1.1528,1.15283,22500000
EURUSD,20251124,092500,1.15282,1.15299,1.1528,1.15285,80630000
EURUSD,20251124,092600,1.15288,1.1529,1.1527,1.1527,55660000
EURUSD,20251124,092700,1.15271,1.15273,1.15252,1.1526,124390000
EURUSD,20251124,092800,1.15258,1.15274,1.15254,1.15272,95380000
EURUSD,20251124,092900,1.15272,1.15276,1.15259,1.15259,64470000
EURUSD,20251124,093000,1.15262,1.15284,1.15255,1.1528,63600000
EURUSD,20251124,093100,1.15282,1.15283,1.15258,1.15262,64570000
EURUSD,20251124,093200,1.15263,1.15271,1.15263,1.15271,34400000
EURUSD,20251124,093300,1.15273,1.15276,1.15252,1.15252,69930000
EURUSD,20251124,093400,1.15251,1.15253,1.1525,1.15251,7990000
EURUSD,20251124,093500,1.1525,1.15265,1.15245,1.15264,37010000
EURUSD,20251124,093600,1.15264,1.15273,1.15261,1.15271,31800000
EURUSD,20251124,093700,1.15273,1.15279,1.15271,1.15277,53730000
EURUSD,20251124,093800,1.15276,1.15303,1.15276,1.15302,81370000
EURUSD,20251124,093900,1.15303,1.15303,1.1529,1.15298,47710000
EURUSD,20251124,094000,1.15301,1.15309,1.15286,1.1529,59890000
EURUSD,20251124,094100,1.15291,1.15293,1.15279,1.15284,30190000
EURUSD,20251124,094200,1.15281,1.15295,1.15281,1.15294,49950000
EURUSD,20251124,094300,1.15292,1.15295,1.15287,1.15293,51410000
EURUSD,20251124,094400,1.15293,1.15328,1.15293,1.15322,104850000
EURUSD,20251124,094500,1.15324,1.15324,1.15314,1.15315,38350000
EURUSD,20251124,094600,1.15314,1.15318,1.15305,1.15305,83120000
EURUSD,20251124,094700,1.15306,1.15307,1.15299,1.15302,50290000
EURUSD,20251124,094800,1.15301,1.15303,1.15292,1.15292,29320000
EURUSD,20251124,094900,1.15291,1.15298,1.1529,1.1529,30410000
EURUSD,20251124,095000,1.15289,1.15293,1.15281,1.15288,74600000
EURUSD,20251124,095100,1.15292,1.15296,1.15284,1.15287,51210000
EURUSD,20251124,095200,1.15288,1.15298,1.15282,1.15298,53770000
EURUSD,20251124,095300,1.15297,1.15301,1.15292,1.15295,41580000
EURUSD,20251124,095400,1.15291,1.15303,1.15277,1.15294,74030000
EURUSD,20251124,095500,1.15294,1.15305,1.15281,1.15301,122520000
EURUSD,20251124,095600,1.15301,1.15304,1.15296,1.15299,130700000
EURUSD,20251124,095700,1.15298,1.15317,1.1529,1.15317,104420000
EURUSD,20251124,095800,1.15315,1.15315,1.15296,1.15296,67300000
EURUSD,20251124,095900,1.15297,1.15303,1.15293,1.15297,56430000
EURUSD,20251124,100000,1.15299,1.1533,1.15298,1.15327,96270000
EURUSD,20251124,100100,1.15324,1.15331,1.15317,1.15328,59070000
EURUSD,20251124,100200,1.15326,1.1533,1.15322,1.15326,64020000
EURUSD,20251124,100300,1.1533,1.1533,1.15316,1.15322,56940000
EURUSD,20251124,100400,1.15324,1.1533,1.15322,1.15329,34140000
EURUSD,20251124,100500,1.15334,1.1535,1.15333,1.1535,58520000
EURUSD,20251124,100600,1.15349,1.15359,1.15346,1.15351,78420000
EURUSD,20251124,100700,1.15349,1.15354,1.15338,1.15352,67710000
EURUSD,20251124,100800,1.15352,1.15376,1.15351,1.15368,83110000
EURUSD,20251124,100900,1.15367,1.15373,1.15366,1.15368,77130000
EURUSD,20251124,101000,1.15371,1.15392,1.15371,1.15382,140300000
EURUSD,20251124,101100,1.15382,1.15391,1.15375,1.15388,129920000
EURUSD,20251124,101200,1.15388,1.15398,1.15383,1.15396,122230000
EURUSD,20251124,101300,1.15402,1.15404,1.15378,1.15381,91080000
EURUSD,20251124,101400,1.1538,1.15381,1.15357,1.15364,71560000
EURUSD,20251124,101500,1.15365,1.1538,1.15359,1.15376,83860000
EURUSD,20251124,101600,1.15376,1.15383,1.1537,1.15378,106210000
EURUSD,20251124,101700,1.15379,1.15386,1.15376,1.15379,32290000
EURUSD,20251124,101800,1.15379,1.15383,1.15377,1.15377,14940000
EURUSD,20251124,101900,1.15374,1.15387,1.15374,1.15387,23380000
EURUSD,20251124,102000,1.1539,1.15395,1.15371,1.15378,62440000
EURUSD,20251124,102100,1.15374,1.15374,1.15367,1.15371,55340000
EURUSD,20251124,102200,1.15372,1.15384,1.15368,1.15368,31500000
EURUSD,20251124,102300,1.15368,1.15377,1.15368,1.15371,20590000
EURUSD,20251124,102400,1.15373,1.15373,1.1533,1.1533,82420000
EURUSD,20251124,102500,1.15328,1.15334,1.15322,1.1533,54570000
EURUSD,20251124,102600,1.1533,1.15345,1.15326,1.15333,69480000
EURUSD,20251124,102700,1.15332,1.15347,1.15332,1.15336,38930000
EURUSD,20251124,102800,1.15338,1.15338,1.15329,1.15334,57720000
EURUSD,20251124,102900,1.15333,1.15355,1.15331,1.15353,65700000
EURUSD,20251124,103000,1.15353,1.15361,1.15348,1.15357,90400000
EURUSD,20251124,103100,1.15358,1.15363,1.15351,1.15353,65060000
EURUSD,20251124,103200,1.15351,1.1536,1.15345,1.15358,102940000
EURUSD,20251124,103300,1.15358,1.15373,1.15358,1.15371,158890000
EURUSD,20251124,103400,1.15372,1.15377,1.15372,1.15376,30600000
EURUSD,20251124,103500,1.15377,1.15405,1.15373,1.15399,74300000
EURUSD,20251124,103600,1.15398,1.15398,1.15386,1.15387,36900000
EURUSD,20251124,103700,1.15386,1.15389,1.15375,1.15379,44230000
EURUSD,20251124,103800,1.15382,1.15408,1.15373,1.15393,81320000
EURUSD,20251124,103900,1.15394,1.15394,1.15381,1.15387,27440000
EURUSD,20251124,104000,1.15393,1.15399,1.15392,1.15399,51300000
EURUSD,20251124,104100,1.15399,1.15407,1.15391,1.15393,75830000
EURUSD,20251124,104200,1.15393,1.15404,1.15393,1.15394,78480000
EURUSD,20251124,104300,1.15393,1.154,1.15389,1.15394,36000000
EURUSD,20251124,104400,1.15391,1.15405,1.15389,1.154,47590000
EURUSD,20251124,104500,1.15399,1.15404,1.15397,1.15402,46660000
EURUSD,20251124,104600,1.15403,1.15404,1.15391,1.15398,50130000
EURUSD,20251124,104700,1.15399,1.15405,1.15399,1.15402,26640000
EURUSD,20251124,104800,1.15403,1.15419,1.15403,1.15413,67140000
EURUSD,20251124,104900,1.15414,1.15416,1.15407,1.15412,74770000
EURUSD,20251124,105000,1.15404,1.15405,1.15395,1.15399,26430000
EURUSD,20251124,105100,1.15397,1.15398,1.15386,1.15388,74380000
EURUSD,20251124,105200,1.15387,1.15393,1.15384,1.15388,28330000
EURUSD,20251124,105300,1.15386,1.15392,1.15381,1.15382,41160000
EURUSD,20251124,105400,1.1538,1.15398,1.15378,1.15393,40140000
EURUSD,20251124,105500,1.15391,1.15391,1.15382,1.15382,15070000
EURUSD,20251124,105600,1.15382,1.15387,1.15376,1.15382,61550000
EURUSD,20251124,105700,1.15383,1.15402,1.15383,1.15401,63100000
EURUSD,20251124,105800,1.15401,1.15413,1.15401,1.15407,65260000
EURUSD,20251124,105900,1.15407,1.15408,1.15396,1.15408,81420000
EURUSD,20251124,110000,1.15409,1.15411,1.154,1.15404,38030000
EURUSD,20251124,110100,1.15402,1.15417,1.15398,1.15417,32510000
EURUSD,20251124,110200,1.15418,1.1542,1.15406,1.15413,40490000
EURUSD,20251124,110300,1.1541,1.15417,1.15407,1.15407,71390000
EURUSD,20251124,110400,1.1541,1.15412,1.15401,1.15403,13500000
EURUSD,20251124,110500,1.15404,1.15404,1.15384,1.15384,41470000
EURUSD,20251124,110600,1.15384,1.15384,1.15366,1.15367,63770000
EURUSD,20251124,110700,1.15368,1.15387,1.15364,1.15378,64300000
EURUSD,20251124,110800,1.15376,1.15376,1.15362,1.15372,50630000
EURUSD,20251124,110900,1.15373,1.15379,1.15371,1.15379,18900000
EURUSD,20251124,111000,1.1538,1.1538,1.15372,1.15375,44560000
EURUSD,20251124,111100,1.15377,1.1538,1.15377,1.15377,15080000
EURUSD,20251124,111200,1.15378,1.15378,1.15372,1.15378,14740000
EURUSD,20251124,111300,1.15379,1.15382,1.15373,1.15373,39680000
EURUSD,20251124,111400,1.15369,1.15369,1.1536,1.15362,43680000
EURUSD,20251124,111500,1.15363,1.15376,1.15363,1.15373,48130000
EURUSD,20251124,111600,1.15372,1.1538,1.15371,1.1538,36900000
EURUSD,20251124,111700,1.15379,1.15382,1.15377,1.15377,28020000
EURUSD,20251124,111800,1.15377,1.15384,1.15373,1.15384,25510000
EURUSD,20251124,111900,1.15383,1.15383,1.15381,1.15382,8870000
EURUSD,20251124,112000,1.15383,1.15389,1.15383,1.15385,62220000
EURUSD,20251124,112100,1.15386,1.15388,1.15381,1.15387,82670000
EURUSD,20251124,112200,1.15387,1.15389,1.15387,1.15389,21600000
EURUSD,20251124,112300,1.15386,1.15389,1.15386,1.15388,20920000
EURUSD,20251124,112400,1.15388,1.15406,1.15387,1.154,31610000
EURUSD,20251124,112500,1.15399,1.15401,1.15397,1.154,25200000
EURUSD,20251124,112600,1.15403,1.15407,1.15403,1.15407,8190000
EURUSD,20251124,112700,1.15409,1.1541,1.15392,1.15393,50460000
EURUSD,20251124,112800,1.15394,1.15398,1.15389,1.15397,71650000
EURUSD,20251124,112900,1.15396,1.15418,1.15393,1.15418,121640000
EURUSD,20251124,113000,1.1542,1.15435,1.15418,1.15433,92910000
EURUSD,20251124,113100,1.15432,1.15432,1.15425,1.15427,39860000
EURUSD,20251124,113200,1.15426,1.15429,1.15418,1.15423,34810000
EURUSD,20251124,113300,1.15422,1.15425,1.15416,1.1542,114370000
EURUSD,20251124,113400,1.15422,1.15422,1.15414,1.15415,19500000
EURUSD,20251124,113500,1.15414,1.15414,1.15392,1.15398,62650000
EURUSD,20251124,113600,1.15396,1.15404,1.15396,1.15403,42570000
EURUSD,20251124,113700,1.15401,1.15401,1.15393,1.15398,51680000
EURUSD,20251124,113800,1.15399,1.154,1.15396,1.15397,12600000
EURUSD,20251124,113900,1.15397,1.154,1.15397,1.154,11140000
EURUSD,20251124,114000,1.15398,1.15398,1.15391,1.15394,36090000
EURUSD,20251124,114100,1.15393,1.15397,1.15388,1.15397,28780000
EURUSD,20251124,114200,1.15396,1.15404,1.15393,1.15398,38880000
EURUSD,20251124,114300,1.154,1.15413,1.154,1.15412,20790000
EURUSD,20251124,114400,1.15415,1.15422,1.15411,1.15422,28800000
EURUSD,20251124,114500,1.15421,1.15431,1.1542,1.15425,49020000
EURUSD,20251124,114600,1.15423,1.15436,1.1542,1.15433,78430000
EURUSD,20251124,114700,1.15434,1.15442,1.15432,1.15442,57000000
EURUSD,20251124,114800,1.1544,1.15446,1.15439,1.15442,63080000
EURUSD,20251124,114900,1.15441,1.15458,1.1544,1.15452,121940000
EURUSD,20251124,115000,1.15453,1.15458,1.15447,1.1545,46080000
EURUSD,20251124,115100,1.15449,1.15454,1.15448,1.15452,45900000
EURUSD,20251124,115200,1.15453,1.15454,1.15448,1.15454,45510000
EURUSD,20251124,115300,1.15454,1.15466,1.15449,1.15453,45590000
EURUSD,20251124,115400,1.15452,1.15459,1.15452,1.15458,29700000
EURUSD,20251124,115500,1.1546,1.15465,1.15446,1.15449,116060000
EURUSD,20251124,115600,1.15449,1.1546,1.15449,1.15459,34090000
EURUSD,20251124,115700,1.15458,1.15466,1.15458,1.15464,79200000
EURUSD,20251124,115800,1.15462,1.1547,1.1546,1.15463,79200000
EURUSD,20251124,115900,1.15462,1.15466,1.15452,1.15453,93150000
EURUSD,20251124,120000,1.15452,1.15455,1.15444,1.15454,82270000
EURUSD,20251124,120100,1.15453,1.15453,1.1544,1.15444,65080000
EURUSD,20251124,120200,1.15442,1.15447,1.1544,1.15445,37800000
EURUSD,20251124,120300,1.15446,1.1546,1.15446,1.15449,29260000
EURUSD,20251124,120400,1.15446,1.15449,1.1544,1.15449,20590000
EURUSD,20251124,120500,1.15449,1.15449,1.15437,1.15438,43870000
EURUSD,20251124,120600,1.15439,1.15441,1.15421,1.15423,73100000
EURUSD,20251124,120700,1.15421,1.15422,1.1541,1.15412,101880000
EURUSD,20251124,120800,1.15414,1.15414,1.15399,1.15399,34660000
EURUSD,20251124,120900,1.15397,1.15398,1.1539,1.15396,78080000
EURUSD,20251124,121000,1.15395,1.15404,1.15389,1.15389,152060000
EURUSD,20251124,121100,1.15389,1.15389,1.15377,1.15377,122310000
EURUSD,20251124,121200,1.15376,1.15381,1.15362,1.15365,185690000
EURUSD,20251124,121300,1.15366,1.15395,1.15365,1.15386,143120000
EURUSD,20251124,121400,1.15387,1.15398,1.15384,1.15388,67510000
EURUSD,20251124,121500,1.15391,1.15404,1.15391,1.15403,33280000
EURUSD,20251124,121600,1.15406,1.1541,1.15401,1.15401,32860000
EURUSD,20251124,121700,1.15401,1.15409,1.15399,1.15406,112610000
EURUSD,20251124,121800,1.15407,1.15413,1.15406,1.15407,80960000
EURUSD,20251124,121900,1.15408,1.15408,1.15397,1.15404,85260000
EURUSD,20251124,122000,1.15404,1.15414,1.15404,1.15412,37800000
EURUSD,20251124,122100,1.15411,1.15415,1.15407,1.15407,32180000
EURUSD,20251124,122200,1.15409,1.15424,1.15405,1.15418,37350000
EURUSD,20251124,122300,1.15415,1.1543,1.15415,1.15427,57140000
EURUSD,20251124,122400,1.15427,1.15428,1.15422,1.15426,56050000
EURUSD,20251124,122500,1.15423,1.15433,1.15419,1.15422,43380000
EURUSD,20251124,122600,1.15423,1.15428,1.15407,1.15417,77930000
EURUSD,20251124,122700,1.15417,1.15423,1.15417,1.15423,27450000
EURUSD,20251124,122800,1.15426,1.15433,1.15424,1.15425,32160000
EURUSD,20251124,122900,1.15424,1.15445,1.1542,1.15426,112740000
EURUSD,20251124,123000,1.15426,1.15449,1.15426,1.15444,112520000
EURUSD,20251124,123100,1.15443,1.15447,1.15438,1.15441,67480000
EURUSD,20251124,123200,1.1544,1.15449,1.15438,1.15447,70470000
EURUSD,20251124,123300,1.15447,1.15466,1.15446,1.15465,56330000
EURUSD,20251124,123400,1.15465,1.15485,1.15463,1.15464,90740000
EURUSD,20251124,123500,1.15463,1.15476,1.15463,1.15471,49140000
EURUSD,20251124,123600,1.1547,1.1547,1.15446,1.15449,68380000
EURUSD,20251124,123700,1.15454,1.15461,1.15444,1.15444,84490000
EURUSD,20251124,123800,1.15444,1.15461,1.15438,1.15459,63700000
EURUSD,20251124,123900,1.15458,1.15459,1.15447,1.15448,58550000
EURUSD,20251124,124000,1.15449,1.1545,1.15427,1.15427,89060000
EURUSD,20251124,124100,1.15427,1.15438,1.15425,1.15438,55240000
EURUSD,20251124,124200,1.15437,1.15459,1.15434,1.15454,146690000
EURUSD,20251124,124300,1.15453,1.15467,1.15453,1.15461,79240000
EURUSD,20251124,124400,1.1546,1.15483,1.1546,1.15482,70180000
EURUSD,20251124,124500,1.15485,1.15492,1.15483,1.15484,93010000
EURUSD,20251124,124600,1.15483,1.15503,1.15478,1.15493,94480000
EURUSD,20251124,124700,1.15494,1.15496,1.15483,1.15492,71100000
EURUSD,20251124,124800,1.15491,1.15493,1.15478,1.15479,78320000
EURUSD,20251124,124900,1.15479,1.15483,1.15477,1.15478,55550000
EURUSD,20251124,125000,1.15478,1.15492,1.15474,1.1549,64210000
EURUSD,20251124,125100,1.15489,1.15489,1.15477,1.15484,36810000
EURUSD,20251124,125200,1.15482,1.15482,1.15469,1.1547,49140000
EURUSD,20251124,125300,1.15471,1.15472,1.15449,1.1545,130850000
EURUSD,20251124,125400,1.15449,1.15451,1.15434,1.15434,85630000
EURUSD,20251124,125500,1.15433,1.15443,1.15428,1.15442,71600000
EURUSD,20251124,125600,1.15443,1.15454,1.15441,1.15449,77050000
EURUSD,20251124,125700,1.15451,1.15459,1.15448,1.15454,90390000
EURUSD,20251124,125800,1.15453,1.15463,1.15449,1.15462,84820000
EURUSD,20251124,125900,1.15463,1.15472,1.15462,1.15472,80310000
EURUSD,20251124,130000,1.15473,1.15485,1.15469,1.15484,142050000
EURUSD,20251124,130100,1.15485,1.15497,1.15478,1.15485,163980000
EURUSD,20251124,130200,1.15485,1.1549,1.1548,1.15482,92950000
EURUSD,20251124,130300,1.15481,1.15481,1.15468,1.15478,80910000
EURUSD,20251124,130400,1.15478,1.15494,1.15477,1.15488,50850000
EURUSD,20251124,130500,1.15486,1.15488,1.15476,1.15478,90230000
EURUSD,20251124,130600,1.15479,1.15489,1.15462,1.15462,88940000
EURUSD,20251124,130700,1.15463,1.15464,1.15453,1.15462,32400000
EURUSD,20251124,130800,1.15461,1.15467,1.15445,1.15451,57820000
EURUSD,20251124,130900,1.15452,1.15456,1.15442,1.15442,40080000
EURUSD,20251124,131000,1.15443,1.1547,1.15443,1.15469,73870000
EURUSD,20251124,131100,1.15468,1.15471,1.15465,1.15467,40050000
EURUSD,20251124,131200,1.15467,1.15473,1.15455,1.15473,56320000
EURUSD,20251124,131300,1.15471,1.15471,1.15459,1.15464,38480000
EURUSD,20251124,131400,1.15463,1.15463,1.15445,1.15453,59850000
EURUSD,20251124,131500,1.15453,1.15462,1.15449,1.15458,65240000
EURUSD,20251124,131600,1.15455,1.15458,1.15448,1.15449,55430000
EURUSD,20251124,131700,1.15451,1.15459,1.15447,1.15456,65180000
EURUSD,20251124,131800,1.15457,1.1546,1.15437,1.15439,81870000
EURUSD,20251124,131900,1.15437,1.15442,1.1543,1.15431,102180000
EURUSD,20251124,132000,1.15429,1.15431,1.15413,1.15413,58170000
EURUSD,20251124,132100,1.15414,1.15432,1.1541,1.15432,60400000
EURUSD,20251124,132200,1.15434,1.15442,1.15427,1.15431,80950000
EURUSD,20251124,132300,1.15429,1.1543,1.15408,1.15422,74160000
EURUSD,20251124,132400,1.15422,1.15424,1.15399,1.15399,30860000
EURUSD,20251124,132500,1.15399,1.15407,1.15394,1.15407,59860000
EURUSD,20251124,132600,1.15409,1.15417,1.15405,1.15409,63930000
EURUSD,20251124,132700,1.15408,1.15419,1.15408,1.15412,35210000
EURUSD,20251124,132800,1.15412,1.15414,1.1541,1.15411,17440000
EURUSD,20251124,132900,1.1541,1.15418,1.15409,1.15417,33640000
EURUSD,20251124,133000,1.15415,1.15426,1.15412,1.15422,38140000
EURUSD,20251124,133100,1.15421,1.15429,1.15421,1.15424,46080000
EURUSD,20251124,133200,1.15424,1.15431,1.15418,1.1543,60410000
EURUSD,20251124,133300,1.15429,1.15444,1.15427,1.15444,25200000
EURUSD,20251124,133400,1.15443,1.15443,1.15438,1.15439,33850000
EURUSD,20251124,133500,1.1544,1.15443,1.15433,1.15434,27200000
EURUSD,20251124,133600,1.15433,1.15433,1.15411,1.15412,50280000
EURUSD,20251124,133700,1.15418,1.15423,1.15412,1.15416,45120000
EURUSD,20251124,133800,1.15417,1.15418,1.15406,1.15407,71220000
EURUSD,20251124,133900,1.15407,1.15407,1.15399,1.15402,116340000
EURUSD,20251124,134000,1.15402,1.15402,1.15382,1.15385,104160000
EURUSD,20251124,134100,1.15387,1.15392,1.15383,1.15383,54870000
EURUSD,20251124,134200,1.15383,1.15397,1.1538,1.15392,38130000
EURUSD,20251124,134300,1.1539,1.15394,1.15379,1.15379,56090000
EURUSD,20251124,134400,1.1538,1.15383,1.15373,1.15381,45790000
EURUSD,20251124,134500,1.15382,1.15402,1.15382,1.15402,37310000
EURUSD,20251124,134600,1.15403,1.15412,1.15402,1.15404,56600000
EURUSD,20251124,134700,1.15404,1.15406,1.15397,1.154,52540000
EURUSD,20251124,134800,1.15402,1.1542,1.15402,1.15413,41400000
EURUSD,20251124,134900,1.15413,1.15427,1.15413,1.15417,87750000
EURUSD,20251124,135000,1.15419,1.15434,1.15419,1.15427,85950000
EURUSD,20251124,135100,1.15426,1.15436,1.15419,1.15435,109120000
EURUSD,20251124,135200,1.15437,1.15437,1.15425,1.15427,44320000
EURUSD,20251124,135300,1.15428,1.15432,1.15423,1.15427,69300000
EURUSD,20251124,135400,1.15427,1.15427,1.15421,1.15423,47920000
EURUSD,20251124,135500,1.15422,1.15422,1.15398,1.15404,72330000
EURUSD,20251124,135600,1.15404,1.15424,1.15404,1.15422,49400000
EURUSD,20251124,135700,1.15421,1.15425,1.15391,1.15392,88020000
EURUSD,20251124,135800,1.15392,1.15399,1.15385,1.15385,107840000
EURUSD,20251124,135900,1.15387,1.15389,1.15378,1.15384,89710000
EURUSD,20251124,140000,1.15384,1.15393,1.15381,1.15391,68550000
EURUSD,20251124,140100,1.15393,1.15398,1.15387,1.15392,227950000
EURUSD,20251124,140200,1.15393,1.15394,1.15388,1.15393,72410000
EURUSD,20251124,140300,1.15395,1.15409,1.15389,1.15407,109800000
EURUSD,20251124,140400,1.15407,1.15409,1.15394,1.15397,104820000
EURUSD,20251124,140500,1.15398,1.15398,1.15385,1.15391,116750000
EURUSD,20251124,140600,1.15391,1.15393,1.15375,1.15379,59720000
EURUSD,20251124,140700,1.1538,1.1539,1.15369,1.1539,60270000
EURUSD,20251124,140800,1.1539,1.15392,1.15386,1.15387,48510000
EURUSD,20251124,140900,1.15389,1.15399,1.15389,1.15391,81010000
EURUSD,20251124,141000,1.15394,1.15395,1.15384,1.15395,88700000
EURUSD,20251124,141100,1.15393,1.15398,1.15383,1.15383,57090000
EURUSD,20251124,141200,1.15383,1.15388,1.15382,1.15384,34550000
EURUSD,20251124,141300,1.15382,1.15388,1.15369,1.15371,78720000
EURUSD,20251124,141400,1.15371,1.15373,1.15363,1.15365,73390000
EURUSD,20251124,141500,1.15364,1.1537,1.15351,1.15353,99460000
EURUSD,20251124,141600,1.15354,1.15354,1.15343,1.15346,163840000
EURUSD,20251124,141700,1.15346,1.15347,1.15338,1.15338,74020000
EURUSD,20251124,141800,1.15337,1.15347,1.15335,1.15337,44900000
EURUSD,20251124,141900,1.15339,1.1535,1.15334,1.15345,44110000
EURUSD,20251124,142000,1.15342,1.15346,1.15329,1.15333,100490000
EURUSD,20251124,142100,1.15333,1.15334,1.15316,1.15323,109360000
EURUSD,20251124,142200,1.15325,1.1533,1.15323,1.15329,37470000
EURUSD,20251124,142300,1.15329,1.15329,1.15313,1.15313,82400000
EURUSD,20251124,142400,1.15312,1.15312,1.15288,1.15297,156910000
EURUSD,20251124,142500,1.15297,1.15311,1.15286,1.15302,200260000
EURUSD,20251124,142600,1.15302,1.15316,1.15302,1.15308,102860000
EURUSD,20251124,142700,1.15307,1.15321,1.15307,1.15316,81430000
EURUSD,20251124,142800,1.15317,1.15318,1.15308,1.15315,58380000
EURUSD,20251124,142900,1.15317,1.15319,1.1531,1.15314,90490000
EURUSD,20251124,143000,1.15314,1.15314,1.15287,1.15293,172640000
EURUSD,20251124,143100,1.15292,1.15306,1.15283,1.15302,120840000
EURUSD,20251124,143200,1.15301,1.15318,1.15292,1.15293,146380000
EURUSD,20251124,143300,1.15296,1.15307,1.15296,1.15307,152010000
EURUSD,20251124,143400,1.15309,1.15317,1.15305,1.15316,73580000
EURUSD,20251124,143500,1.15317,1.15333,1.15311,1.15326,88740000
EURUSD,20251124,143600,1.15325,1.15336,1.15319,1.15336,139110000
EURUSD,20251124,143700,1.15338,1.15359,1.15338,1.15359,195810000
EURUSD,20251124,143800,1.15359,1.15363,1.1533,1.15346,215480000
EURUSD,20251124,143900,1.15344,1.15353,1.15336,1.15336,143380000
EURUSD,20251124,144000,1.15334,1.15355,1.15329,1.15348,148150000
EURUSD,20251124,144100,1.15348,1.15351,1.15342,1.15345,55220000
EURUSD,20251124,144200,1.15345,1.1535,1.15331,1.15335,110050000
EURUSD,20251124,144300,1.15333,1.15333,1.15299,1.15308,154610000
EURUSD,20251124,144400,1.15306,1.15306,1.15276,1.15287,211500000
EURUSD,20251124,144500,1.15288,1.15295,1.15262,1.15263,168310000
EURUSD,20251124,144600,1.15263,1.15282,1.15262,1.15277,101380000
EURUSD,20251124,144700,1.15279,1.15281,1.15264,1.15268,88140000
EURUSD,20251124,144800,1.15269,1.15282,1.15267,1.15282,50730000
EURUSD,20251124,144900,1.1528,1.15294,1.15274,1.15289,67360000
EURUSD,20251124,145000,1.15292,1.15295,1.1528,1.15281,96000000
EURUSD,20251124,145100,1.1528,1.15299,1.1528,1.15299,105290000
EURUSD,20251124,145200,1.153,1.15307,1.15284,1.15286,107970000
EURUSD,20251124,145300,1.15286,1.15286,1.15276,1.15277,53140000
EURUSD,20251124,145400,1.15277,1.15281,1.15262,1.15272,82600000
EURUSD,20251124,145500,1.15271,1.15288,1.1527,1.15288,73530000
EURUSD,20251124,145600,1.15288,1.15296,1.15282,1.15282,121430000
EURUSD,20251124,145700,1.15281,1.15287,1.15276,1.15282,38270000
EURUSD,20251124,145800,1.15283,1.15286,1.15271,1.15272,84740000
EURUSD,20251124,145900,1.15271,1.1528,1.15264,1.15268,127020000
EURUSD,20251124,150000,1.15268,1.15279,1.15251,1.1527,213210000
EURUSD,20251124,150100,1.15269,1.15286,1.15266,1.15284,155330000
EURUSD,20251124,150200,1.15284,1.15284,1.15269,1.15279,113120000
EURUSD,20251124,150300,1.15276,1.15276,1.15251,1.15261,109480000
EURUSD,20251124,150400,1.15261,1.15261,1.15239,1.15242,111610000
EURUSD,20251124,150500,1.15242,1.15244,1.15228,1.15231,126840000
EURUSD,20251124,150600,1.15232,1.15254,1.15232,1.15239,139570000
EURUSD,20251124,150700,1.15241,1.15259,1.15239,1.15247,116020000
EURUSD,20251124,150800,1.15247,1.15248,1.1521,1.15216,119980000
EURUSD,20251124,150900,1.15216,1.15218,1.15194,1.15203,116480000
EURUSD,20251124,151000,1.15203,1.15204,1.15178,1.15178,118770000
EURUSD,20251124,151100,1.15179,1.15197,1.15167,1.15197,118400000
EURUSD,20251124,151200,1.15198,1.15202,1.15188,1.15197,82320000
EURUSD,20251124,151300,1.15197,1.15219,1.15197,1.15216,126900000
EURUSD,20251124,151400,1.15216,1.15216,1.152,1.1521,236180000
EURUSD,20251124,151500,1.1521,1.15214,1.152,1.15204,101840000
EURUSD,20251124,151600,1.15206,1.15225,1.15204,1.15223,132740000
EURUSD,20251124,151700,1.15225,1.15225,1.15205,1.15207,106600000
EURUSD,20251124,151800,1.15207,1.15214,1.152,1.15206,93040000
EURUSD,20251124,151900,1.15205,1.15208,1.152,1.15205,59240000
EURUSD,20251124,152000,1.15203,1.15203,1.15175,1.15188,136450000
EURUSD,20251124,152100,1.15189,1.15195,1.15184,1.15189,92210000
EURUSD,20251124,152200,1.1519,1.15199,1.15182,1.15192,105900000
EURUSD,20251124,152300,1.15191,1.15204,1.1519,1.15203,160010000
EURUSD,20251124,152400,1.15205,1.15219,1.152,1.15218,110580000
EURUSD,20251124,152500,1.15218,1.15224,1.15202,1.15205,60700000
EURUSD,20251124,152600,1.15205,1.15214,1.15198,1.1521,97400000
EURUSD,20251124,152700,1.15211,1.15212,1.15192,1.15193,76800000
EURUSD,20251124,152800,1.15194,1.15209,1.1519,1.15205,101060000
EURUSD,20251124,152900,1.15205,1.15214,1.15201,1.15214,71350000
EURUSD,20251124,153000,1.15212,1.15215,1.152,1.15204,58480000
EURUSD,20251124,153100,1.15206,1.15209,1.152,1.15209,36360000
EURUSD,20251124,153200,1.1521,1.15219,1.15209,1.15218,79780000
EURUSD,20251124,153300,1.15218,1.15229,1.15208,1.15217,102130000
EURUSD,20251124,153400,1.15217,1.15241,1.1521,1.15241,67850000
EURUSD,20251124,153500,1.15241,1.15252,1.15231,1.15252,56590000
EURUSD,20251124,153600,1.15253,1.15263,1.15246,1.15263,99870000
EURUSD,20251124,153700,1.15265,1.15266,1.1526,1.15264,51630000
EURUSD,20251124,153800,1.15272,1.15278,1.15269,1.15275,52940000
EURUSD,20251124,153900,1.15276,1.15289,1.15276,1.15289,59590000
EURUSD,20251124,154000,1.15292,1.153,1.15288,1.15289,95680000
EURUSD,20251124,154100,1.15289,1.15289,1.15269,1.15271,111380000
EURUSD,20251124,154200,1.15269,1.15271,1.15257,1.15269,96010000
EURUSD,20251124,154300,1.15269,1.15269,1.15248,1.15254,61990000
EURUSD,20251124,154400,1.15253,1.15254,1.15248,1.15251,27440000
EURUSD,20251124,154500,1.15252,1.15252,1.15242,1.15242,39350000
EURUSD,20251124,154600,1.15241,1.15242,1.15227,1.15227,63980000
EURUSD,20251124,154700,1.15226,1.15252,1.15224,1.15252,82920000
EURUSD,20251124,154800,1.15251,1.15253,1.15235,1.15237,87530000
EURUSD,20251124,154900,1.15237,1.15239,1.15224,1.15228,84340000
EURUSD,20251124,155000,1.15228,1.15231,1.15221,1.15227,103300000
EURUSD,20251124,155100,1.15228,1.15232,1.15222,1.15226,93970000
EURUSD,20251124,155200,1.15225,1.1524,1.15224,1.15238,78430000
EURUSD,20251124,155300,1.1524,1.15267,1.15237,1.15267,222730000
EURUSD,20251124,155400,1.15265,1.15287,1.15265,1.15279,191470000
EURUSD,20251124,155500,1.15279,1.15279,1.15247,1.15247,167180000
EURUSD,20251124,155600,1.15249,1.15254,1.15242,1.15248,118350000
EURUSD,20251124,155700,1.15249,1.15285,1.15248,1.15277,197760000
EURUSD,20251124,155800,1.15276,1.15296,1.15274,1.15287,139620000
EURUSD,20251124,155900,1.15288,1.15291,1.15283,1.1529,97950000
EURUSD,20251124,160000,1.15289,1.15296,1.15287,1.15294,89940000
EURUSD,20251124,160100,1.15294,1.15307,1.15294,1.15305,110990000
EURUSD,20251124,160200,1.15305,1.15305,1.15288,1.15288,124810000
EURUSD,20251124,160300,1.1529,1.15308,1.15289,1.15297,119310000
EURUSD,20251124,160400,1.15297,1.15297,1.15284,1.15295,127570000
EURUSD,20251124,160500,1.15295,1.15304,1.15283,1.15283,66250000
EURUSD,20251124,160600,1.15282,1.15282,1.1526,1.15263,86480000
EURUSD,20251124,160700,1.15263,1.15264,1.1525,1.15258,113540000
EURUSD,20251124,160800,1.15256,1.15269,1.15256,1.15266,57740000
EURUSD,20251124,160900,1.15266,1.15267,1.15263,1.15264,84330000
EURUSD,20251124,161000,1.15266,1.15275,1.15263,1.15273,32300000
EURUSD,20251124,161100,1.15274,1.15274,1.15266,1.15273,102980000
EURUSD,20251124,161200,1.15272,1.15279,1.1527,1.15276,40400000
EURUSD,20251124,161300,1.15275,1.15276,1.15264,1.15268,58770000
EURUSD,20251124,161400,1.15268,1.15277,1.15256,1.15275,112480000
EURUSD,20251124,161500,1.15275,1.15281,1.15261,1.15264,78850000
EURUSD,20251124,161600,1.15258,1.15265,1.15252,1.15263,75890000
EURUSD,20251124,161700,1.15263,1.15264,1.15257,1.15258,16310000
EURUSD,20251124,161800,1.15256,1.15258,1.15253,1.15257,27090000
EURUSD,20251124,161900,1.15255,1.1526,1.15251,1.15253,33190000
EURUSD,20251124,162000,1.15253,1.15255,1.15243,1.15249,43650000
EURUSD,20251124,162100,1.15249,1.15249,1.15245,1.15245,17100000
EURUSD,20251124,162200,1.15247,1.15253,1.15244,1.15252,21600000
EURUSD,20251124,162300,1.15251,1.15256,1.15227,1.15233,86260000
EURUSD,20251124,162400,1.15233,1.15236,1.15227,1.15227,28690000
EURUSD,20251124,162500,1.15227,1.15238,1.15227,1.15238,18790000
EURUSD,20251124,162600,1.15234,1.15237,1.15219,1.15222,42510000
EURUSD,20251124,162700,1.15221,1.15225,1.15217,1.15219,29700000
EURUSD,20251124,162800,1.15219,1.15224,1.15219,1.15224,9000000
EURUSD,20251124,162900,1.15222,1.15223,1.15206,1.15207,41110000
EURUSD,20251124,163000,1.15207,1.15219,1.15197,1.15217,88490000
EURUSD,20251124,163100,1.15215,1.1522,1.15207,1.15217,79770000
EURUSD,20251124,163200,1.15215,1.15223,1.15209,1.15218,102980000
EURUSD,20251124,163300,1.15221,1.1524,1.15221,1.15239,50610000
EURUSD,20251124,163400,1.15241,1.15248,1.15232,1.15248,45080000
EURUSD,20251124,163500,1.15246,1.15264,1.15244,1.15252,84790000
EURUSD,20251124,163600,1.15252,1.15254,1.15242,1.15244,71320000
EURUSD,20251124,163700,1.15243,1.15245,1.15236,1.15238,62940000
EURUSD,20251124,163800,1.15238,1.15239,1.15224,1.15233,64010000
EURUSD,20251124,163900,1.15232,1.15234,1.15224,1.15224,60750000
EURUSD,20251124,164000,1.15225,1.1523,1.15214,1.15228,71380000
EURUSD,20251124,164100,1.15227,1.1524,1.15227,1.15238,48040000
EURUSD,20251124,164200,1.15239,1.15251,1.15236,1.15238,42080000
EURUSD,20251124,164300,1.15238,1.15243,1.15234,1.15242,28010000
EURUSD,20251124,164400,1.15242,1.15246,1.15238,1.15243,15300000
EURUSD,20251124,164500,1.15244,1.15245,1.15237,1.15237,21710000
EURUSD,20251124,164600,1.15237,1.15246,1.15231,1.15242,37140000
EURUSD,20251124,164700,1.15244,1.15244,1.15242,1.15242,5400000
EURUSD,20251124,164800,1.15241,1.15247,1.15238,1.15242,25880000
EURUSD,20251124,164900,1.1524,1.15249,1.15235,1.15245,44170000
EURUSD,20251124,165000,1.15246,1.15247,1.15239,1.15239,74460000
EURUSD,20251124,165100,1.15237,1.15237,1.15229,1.15233,45680000
EURUSD,20251124,165200,1.15236,1.1524,1.15235,1.15238,30690000
EURUSD,20251124,165300,1.15235,1.15235,1.15223,1.15223,31040000
EURUSD,20251124,165400,1.15225,1.15226,1.15218,1.15223,46690000
EURUSD,20251124,165500,1.15224,1.15224,1.15208,1.15208,41400000
EURUSD,20251124,165600,1.1521,1.1521,1.15196,1.15196,50330000
EURUSD,20251124,165700,1.15196,1.15206,1.1519,1.15204,76140000
EURUSD,20251124,165800,1.15203,1.15205,1.15194,1.15196,64530000
EURUSD,20251124,165900,1.15194,1.15194,1.15172,1.15177,148380000
EURUSD,20251124,170000,1.15177,1.15186,1.15177,1.15177,90830000
EURUSD,20251124,170100,1.15177,1.1518,1.15168,1.15168,50520000
EURUSD,20251124,170200,1.15169,1.15169,1.15154,1.15154,46140000
EURUSD,20251124,170300,1.15154,1.15155,1.15151,1.15152,20750000
EURUSD,20251124,170400,1.15156,1.1516,1.15144,1.15144,55100000
EURUSD,20251124,170500,1.15146,1.1515,1.15131,1.15133,88230000
EURUSD,20251124,170600,1.15134,1.15134,1.15114,1.15123,98320000
EURUSD,20251124,170700,1.15124,1.15155,1.15124,1.15143,143980000
EURUSD,20251124,170800,1.15143,1.15155,1.15132,1.15132,58840000
EURUSD,20251124,170900,1.15132,1.15144,1.15126,1.15143,64450000
EURUSD,20251124,171000,1.15142,1.15145,1.15134,1.15145,32280000
EURUSD,20251124,171100,1.15147,1.15151,1.15138,1.15143,63800000
EURUSD,20251124,171200,1.15144,1.15152,1.15142,1.15144,38520000
EURUSD,20251124,171300,1.15144,1.15157,1.15144,1.15151,78300000
EURUSD,20251124,171400,1.15152,1.15155,1.15143,1.15151,61340000
EURUSD,20251124,171500,1.15151,1.15172,1.15148,1.15162,190220000
EURUSD,20251124,171600,1.15162,1.15162,1.15142,1.15144,113360000
EURUSD,20251124,171700,1.15142,1.15144,1.15134,1.15143,91800000
EURUSD,20251124,171800,1.15144,1.15147,1.15142,1.15143,61090000
EURUSD,20251124,171900,1.15144,1.15145,1.15129,1.15133,73230000
EURUSD,20251124,172000,1.15134,1.15146,1.15131,1.15145,86670000
EURUSD,20251124,172100,1.15147,1.15155,1.15143,1.15154,61330000
EURUSD,20251124,172200,1.15154,1.15156,1.15148,1.15149,51620000
EURUSD,20251124,172300,1.15147,1.15154,1.15144,1.15144,28130000
EURUSD,20251124,172400,1.15148,1.15154,1.15148,1.15152,36430000
EURUSD,20251124,172500,1.15153,1.15157,1.15148,1.15154,50960000
EURUSD,20251124,172600,1.15153,1.15168,1.15153,1.15167,53170000
EURUSD,20251124,172700,1.15166,1.1517,1.15159,1.15165,58730000
EURUSD,20251124,172800,1.15164,1.15166,1.15155,1.15155,75790000
EURUSD,20251124,172900,1.15156,1.15156,1.15149,1.1515,20360000
EURUSD,20251124,173000,1.15151,1.15155,1.15148,1.15148,65400000
EURUSD,20251124,173100,1.15147,1.1515,1.15142,1.15142,49170000
EURUSD,20251124,173200,1.15143,1.15152,1.15138,1.15149,93970000
EURUSD,20251124,173300,1.1515,1.15163,1.15149,1.1516,77530000
EURUSD,20251124,173400,1.15159,1.15162,1.15153,1.15154,65250000
EURUSD,20251124,173500,1.15155,1.15156,1.15153,1.15155,18450000
EURUSD,20251124,173600,1.15158,1.15164,1.15148,1.15164,32360000
EURUSD,20251124,173700,1.15161,1.15163,1.15157,1.15157,33420000
EURUSD,20251124,173800,1.15156,1.1516,1.15155,1.15159,21920000
EURUSD,20251124,173900,1.15157,1.15161,1.15152,1.15152,24620000
EURUSD,20251124,174000,1.15143,1.15159,1.1514,1.15159,84040000
EURUSD,20251124,174100,1.15159,1.15185,1.15158,1.15181,51110000
EURUSD,20251124,174200,1.15185,1.15185,1.15176,1.15178,40860000
EURUSD,20251124,174300,1.15179,1.15183,1.15173,1.1518,47070000
EURUSD,20251124,174400,1.15183,1.15194,1.15181,1.15189,75100000
EURUSD,20251124,174500,1.15189,1.15196,1.15187,1.15194,57540000
EURUSD,20251124,174600,1.15193,1.15193,1.15186,1.15187,52510000
EURUSD,20251124,174700,1.15187,1.15188,1.15172,1.15172,72670000
EURUSD,20251124,174800,1.15175,1.15176,1.15165,1.15165,22480000
EURUSD,20251124,174900,1.15164,1.1519,1.15164,1.15189,116410000
EURUSD,20251124,175000,1.15192,1.15193,1.15183,1.15183,22390000
EURUSD,20251124,175100,1.15183,1.15184,1.15176,1.15178,24520000
EURUSD,20251124,175200,1.15178,1.15179,1.15174,1.15174,35100000
EURUSD,20251124,175300,1.15175,1.15185,1.15168,1.15179,73250000
EURUSD,20251124,175400,1.15179,1.15181,1.15177,1.15177,27000000
EURUSD,20251124,175500,1.15177,1.15185,1.15175,1.15185,14850000
EURUSD,20251124,175600,1.15186,1.15194,1.15186,1.15187,43420000
EURUSD,20251124,175700,1.15188,1.15188,1.15179,1.15188,59760000
EURUSD,20251124,175800,1.15186,1.15186,1.15183,1.15184,18230000
EURUSD,20251124,175900,1.15184,1.15187,1.15178,1.15179,32480000
EURUSD,20251124,180000,1.15179,1.15183,1.15171,1.15171,58250000
EURUSD,20251124,180100,1.15174,1.1519,1.15173,1.1519,30250000
EURUSD,20251124,180200,1.15191,1.15206,1.1519,1.15198,67750000
EURUSD,20251124,180300,1.15199,1.15206,1.15196,1.15206,15660000
EURUSD,20251124,180400,1.15208,1.1521,1.15206,1.1521,12600000
EURUSD,20251124,180500,1.15209,1.15213,1.15203,1.15211,35990000
EURUSD,20251124,180600,1.15209,1.15211,1.15207,1.15209,18570000
EURUSD,20251124,180700,1.1521,1.15222,1.15204,1.15204,66930000
EURUSD,20251124,180800,1.15204,1.15204,1.15194,1.15196,45450000
EURUSD,20251124,180900,1.15197,1.15199,1.15195,1.15197,18450000
EURUSD,20251124,181000,1.152,1.15212,1.152,1.15208,54340000
EURUSD,20251124,181100,1.1521,1.15215,1.15209,1.15215,20700000
EURUSD,20251124,181200,1.15215,1.15215,1.15207,1.15207,23070000
EURUSD,20251124,181300,1.15207,1.15208,1.15203,1.15203,21050000
EURUSD,20251124,181400,1.15206,1.1521,1.15205,1.15208,19240000
EURUSD,20251124,181500,1.15207,1.15207,1.15204,1.15205,6750000
EURUSD,20251124,181600,1.15203,1.15203,1.15191,1.15192,49150000
EURUSD,20251124,181700,1.1519,1.15195,1.15189,1.15194,52420000
EURUSD,20251124,181800,1.15196,1.15201,1.1519,1.15194,80230000
EURUSD,20251124,181900,1.15194,1.15195,1.15192,1.15195,29140000
EURUSD,20251124,182000,1.15192,1.152,1.15191,1.15191,34200000
EURUSD,20251124,182100,1.15193,1.15194,1.15188,1.15188,16290000
EURUSD,20251124,182200,1.15188,1.15188,1.15183,1.15186,25880000
EURUSD,20251124,182300,1.15188,1.15202,1.15186,1.15202,71490000
EURUSD,20251124,182400,1.15203,1.15206,1.15202,1.15206,14580000
EURUSD,20251124,182500,1.15204,1.15207,1.15199,1.152,27660000
EURUSD,20251124,182600,1.15202,1.15207,1.15201,1.15207,37790000
EURUSD,20251124,182700,1.15207,1.15207,1.15202,1.15207,10240000
EURUSD,20251124,182800,1.15208,1.15208,1.152,1.15203,36680000
EURUSD,20251124,182900,1.15205,1.15209,1.15202,1.15209,26220000
EURUSD,20251124,183000,1.15209,1.15213,1.15205,1.15205,23640000
EURUSD,20251124,183100,1.15204,1.15209,1.15203,1.15209,23780000
EURUSD,20251124,183200,1.15212,1.15219,1.15212,1.15212,40920000
EURUSD,20251124,183300,1.15213,1.15222,1.15213,1.1522,22620000
EURUSD,20251124,183400,1.15221,1.1523,1.15221,1.15227,32220000
EURUSD,20251124,183500,1.15226,1.15229,1.15219,1.15228,49620000
EURUSD,20251124,183600,1.1523,1.15235,1.1523,1.15234,33730000
EURUSD,20251124,183700,1.15232,1.15234,1.15227,1.15231,28210000
EURUSD,20251124,183800,1.1523,1.15233,1.15226,1.15229,32740000
EURUSD,20251124,183900,1.1523,1.15233,1.15228,1.15232,60270000
EURUSD,20251124,184000,1.15233,1.15236,1.15226,1.15228,29030000
EURUSD,20251124,184100,1.15229,1.15232,1.15227,1.1523,15960000
EURUSD,20251124,184200,1.15231,1.15233,1.15226,1.15233,24730000
EURUSD,20251124,184300,1.15234,1.15237,1.15234,1.15234,12490000
EURUSD,20251124,184400,1.15236,1.15236,1.15232,1.15234,18790000
EURUSD,20251124,184500,1.15236,1.15236,1.15229,1.15233,59980000
EURUSD,20251124,184600,1.15233,1.15235,1.15233,1.15234,10340000
EURUSD,20251124,184700,1.15234,1.15234,1.15232,1.15233,9010000
EURUSD,20251124,184800,1.15231,1.15233,1.1523,1.15233,28140000
EURUSD,20251124,184900,1.15233,1.15236,1.15233,1.15234,12040000
EURUSD,20251124,185000,1.15235,1.15242,1.15235,1.15242,30830000
EURUSD,20251124,185100,1.15243,1.15245,1.15242,1.15243,11700000
EURUSD,20251124,185200,1.15244,1.15248,1.15243,1.15243,23400000
EURUSD,20251124,185300,1.15242,1.15245,1.15238,1.15243,32060000
EURUSD,20251124,185400,1.15242,1.15249,1.15242,1.15248,20930000
EURUSD,20251124,185500,1.15245,1.15257,1.15242,1.15256,63870000
EURUSD,20251124,185600,1.15256,1.15281,1.15256,1.15278,83090000
EURUSD,20251124,185700,1.15277,1.15277,1.15268,1.15273,62040000
EURUSD,20251124,185800,1.15272,1.15279,1.15268,1.15278,68940000
EURUSD,20251124,185900,1.15276,1.15279,1.15272,1.15276,37860000
EURUSD,20251124,190000,1.15277,1.15285,1.15265,1.15279,107370000
EURUSD,20251124,190100,1.1528,1.15284,1.15274,1.15281,132880000
EURUSD,20251124,190200,1.15283,1.1529,1.15283,1.15288,47630000
EURUSD,20251124,190300,1.15287,1.15287,1.15263,1.15266,107320000
EURUSD,20251124,190400,1.15266,1.15269,1.15265,1.15269,80820000
EURUSD,20251124,190500,1.15268,1.15272,1.15267,1.15267,63780000
EURUSD,20251124,190600,1.15269,1.15269,1.15267,1.15267,22500000
EURUSD,20251124,190700,1.15267,1.15267,1.15262,1.15263,27900000
EURUSD,20251124,190800,1.15257,1.15262,1.15251,1.15258,64800000
EURUSD,20251124,190900,1.15257,1.15258,1.15247,1.15247,62550000
EURUSD,20251124,191000,1.15248,1.15251,1.15244,1.15246,32290000
EURUSD,20251124,191100,1.15248,1.15248,1.15232,1.15234,58950000
EURUSD,20251124,191200,1.15233,1.15233,1.15231,1.15233,11590000
EURUSD,20251124,191300,1.15231,1.15235,1.15231,1.15234,20700000
EURUSD,20251124,191400,1.15234,1.15238,1.15234,1.15236,20250000
EURUSD,20251124,191500,1.15235,1.15237,1.15232,1.15237,15640000
EURUSD,20251124,191600,1.15238,1.15239,1.15237,1.15237,19570000
EURUSD,20251124,191700,1.15238,1.15239,1.15233,1.15233,35330000
EURUSD,20251124,191800,1.15235,1.15239,1.15234,1.15239,9900000
EURUSD,20251124,191900,1.1524,1.15242,1.15231,1.15232,29470000
EURUSD,20251124,192000,1.1523,1.15233,1.1523,1.1523,24720000
EURUSD,20251124,192100,1.15231,1.15242,1.15229,1.15242,59760000
EURUSD,20251124,192200,1.15242,1.15243,1.15237,1.15241,33530000
EURUSD,20251124,192300,1.15242,1.15248,1.15242,1.15243,37140000
EURUSD,20251124,192400,1.15245,1.15245,1.15242,1.15244,14290000
EURUSD,20251124,192500,1.15242,1.15249,1.15242,1.15244,23520000
EURUSD,20251124,192600,1.15246,1.15261,1.15244,1.15259,48340000
EURUSD,20251124,192700,1.15259,1.15261,1.15259,1.15261,19020000
EURUSD,20251124,192800,1.15262,1.15264,1.15258,1.15258,28930000
EURUSD,20251124,192900,1.15261,1.15261,1.15255,1.15257,17670000
EURUSD,20251124,193000,1.15258,1.15259,1.15254,1.15254,19690000
EURUSD,20251124,193100,1.15253,1.15257,1.15252,1.15257,35550000
EURUSD,20251124,193200,1.15258,1.15264,1.15258,1.15261,44100000
EURUSD,20251124,193300,1.15263,1.15266,1.15261,1.15264,27900000
EURUSD,20251124,193400,1.15264,1.15271,1.15261,1.15271,38140000
EURUSD,20251124,193500,1.15273,1.15273,1.15272,1.15272,6750000
EURUSD,20251124,193600,1.15274,1.15278,1.1527,1.15272,35080000
EURUSD,20251124,193700,1.15272,1.15274,1.15271,1.15271,10240000
EURUSD,20251124,193800,1.15271,1.15272,1.15267,1.15272,26210000
EURUSD,20251124,193900,1.15272,1.15279,1.15271,1.15276,55580000
EURUSD,20251124,194000,1.15277,1.15277,1.15271,1.15273,66150000
EURUSD,20251124,194100,1.15273,1.15273,1.15265,1.15265,25980000
EURUSD,20251124,194200,1.15264,1.15264,1.15255,1.15255,45370000
EURUSD,20251124,194300,1.15257,1.15261,1.15251,1.15255,83600000
EURUSD,20251124,194400,1.15257,1.15257,1.15249,1.15251,54970000
EURUSD,20251124,194500,1.1525,1.15253,1.15247,1.15253,44310000
EURUSD,20251124,194600,1.15255,1.15262,1.15253,1.15262,17550000
EURUSD,20251124,194700,1.15262,1.15265,1.15261,1.15261,34980000
EURUSD,20251124,194800,1.15263,1.15268,1.15256,1.15267,37670000
EURUSD,20251124,194900,1.15268,1.15268,1.15261,1.15262,29340000
EURUSD,20251124,195000,1.15262,1.15268,1.15261,1.15267,57980000
EURUSD,20251124,195100,1.15268,1.15269,1.15262,1.15266,72700000
EURUSD,20251124,195200,1.15266,1.15266,1.1526,1.15262,54700000
EURUSD,20251124,195300,1.1526,1.15262,1.1526,1.15261,18790000
EURUSD,20251124,195400,1.15261,1.15262,1.15233,1.15241,77900000
EURUSD,20251124,195500,1.15244,1.15246,1.1524,1.15241,73140000
EURUSD,20251124,195600,1.15241,1.15261,1.15236,1.15258,167530000
EURUSD,20251124,195700,1.15255,1.15268,1.15252,1.15267,113410000
EURUSD,20251124,195800,1.15267,1.15279,1.15267,1.15273,137430000
EURUSD,20251124,195900,1.15274,1.15279,1.15271,1.15274,119760000
EURUSD,20251124,200000,1.15276,1.15283,1.15258,1.15258,102170000
EURUSD,20251124,200100,1.15255,1.15261,1.1525,1.15256,77630000
EURUSD,20251124,200200,1.15253,1.15257,1.15247,1.15247,82620000
EURUSD,20251124,200300,1.15247,1.15261,1.15247,1.15248,97920000
EURUSD,20251124,200400,1.15249,1.15252,1.15238,1.15243,62480000
EURUSD,20251124,200500,1.15242,1.15249,1.1524,1.15246,55030000
EURUSD,20251124,200600,1.15245,1.15254,1.15245,1.15253,63280000
EURUSD,20251124,200700,1.15252,1.15254,1.15249,1.15249,59740000
EURUSD,20251124,200800,1.1525,1.15251,1.15246,1.15248,32290000
EURUSD,20251124,200900,1.15246,1.1525,1.15245,1.15246,40950000
EURUSD,20251124,201000,1.15245,1.15262,1.15245,1.15262,68070000
EURUSD,20251124,201100,1.15262,1.15263,1.15256,1.15257,43860000
EURUSD,20251124,201200,1.15256,1.1526,1.15251,1.15252,58490000
EURUSD,20251124,201300,1.15253,1.15253,1.15249,1.15252,41420000
EURUSD,20251124,201400,1.15252,1.15258,1.15252,1.15258,56020000
EURUSD,20251124,201500,1.15256,1.15256,1.15249,1.15253,102740000
EURUSD,20251124,201600,1.15253,1.15261,1.15253,1.15257,45570000
EURUSD,20251124,201700,1.15259,1.15262,1.15257,1.15258,62590000
EURUSD,20251124,201800,1.15258,1.15261,1.15255,1.15259,74190000
EURUSD,20251124,201900,1.15257,1.1527,1.15257,1.15269,55000000
EURUSD,20251124,202000,1.15272,1.15273,1.15271,1.15272,58480000
EURUSD,20251124,202100,1.15273,1.15273,1.15268,1.15268,64690000
EURUSD,20251124,202200,1.15269,1.15274,1.15268,1.15272,38820000
EURUSD,20251124,202300,1.1527,1.15272,1.15269,1.1527,45500000
EURUSD,20251124,202400,1.15272,1.15272,1.15264,1.15265,39170000
EURUSD,20251124,202500,1.15268,1.15268,1.15253,1.15253,40260000
EURUSD,20251124,202600,1.15253,1.15256,1.15247,1.15249,44000000
EURUSD,20251124,202700,1.15248,1.15251,1.15247,1.15248,29930000
EURUSD,20251124,202800,1.15245,1.15248,1.15242,1.15245,56710000
EURUSD,20251124,202900,1.15245,1.15245,1.1524,1.15241,44070000
EURUSD,20251124,203000,1.1524,1.1524,1.15231,1.15231,82280000
EURUSD,20251124,203100,1.15234,1.15235,1.1523,1.15232,66430000
EURUSD,20251124,203200,1.15233,1.15238,1.1523,1.15237,75280000
EURUSD,20251124,203300,1.15239,1.15243,1.15237,1.15241,54450000
EURUSD,20251124,203400,1.15242,1.15243,1.15241,1.15242,44550000
EURUSD,20251124,203500,1.15241,1.15242,1.15235,1.15236,71920000
EURUSD,20251124,203600,1.15238,1.15242,1.15235,1.15241,57300000
EURUSD,20251124,203700,1.15235,1.15236,1.15217,1.15227,101560000
EURUSD,20251124,203800,1.15228,1.15231,1.15221,1.15231,74410000
EURUSD,20251124,203900,1.15231,1.15233,1.1523,1.15233,30150000
EURUSD,20251124,204000,1.15235,1.15238,1.15233,1.15234,116610000
EURUSD,20251124,204100,1.15233,1.15234,1.15228,1.15233,54830000
EURUSD,20251124,204200,1.15231,1.15233,1.15228,1.15228,23630000
EURUSD,20251124,204300,1.15228,1.15231,1.15226,1.15229,54450000
EURUSD,20251124,204400,1.15227,1.15231,1.15226,1.15228,30600000
EURUSD,20251124,204500,1.1523,1.15231,1.15224,1.15224,18460000
EURUSD,20251124,204600,1.15226,1.15235,1.15223,1.1523,37130000
EURUSD,20251124,204700,1.1523,1.15232,1.15229,1.15232,13280000
EURUSD,20251124,204800,1.15232,1.15232,1.15229,1.15231,18950000
EURUSD,20251124,204900,1.15232,1.15233,1.15229,1.15232,28470000
EURUSD,20251124,205000,1.15233,1.15243,1.15233,1.15242,51780000
EURUSD,20251124,205100,1.15243,1.15243,1.15235,1.15238,45020000
EURUSD,20251124,205200,1.15239,1.1524,1.15236,1.1524,15300000
EURUSD,20251124,205300,1.1524,1.15245,1.1524,1.15243,15120000
EURUSD,20251124,205400,1.15246,1.15251,1.15245,1.1525,18000000
EURUSD,20251124,205500,1.15251,1.15252,1.15237,1.15237,34430000
EURUSD,20251124,205600,1.15237,1.15238,1.15232,1.15237,32630000
EURUSD,20251124,205700,1.15237,1.15239,1.1522,1.15223,87730000
EURUSD,20251124,205800,1.15223,1.15226,1.1522,1.15224,65120000
EURUSD,20251124,205900,1.15226,1.15228,1.15221,1.15222,95940000
EURUSD,20251124,210000,1.15223,1.15229,1.15221,1.15229,50310000
EURUSD,20251124,210100,1.15229,1.15233,1.15224,1.15224,57870000
EURUSD,20251124,210200,1.15225,1.15225,1.1522,1.15221,40500000
EURUSD,20251124,210300,1.15221,1.15223,1.1522,1.15221,29700000
EURUSD,20251124,210400,1.15219,1.15221,1.15214,1.15215,34640000
EURUSD,20251124,210500,1.15215,1.15217,1.15211,1.15211,107450000
EURUSD,20251124,210600,1.15211,1.15211,1.15201,1.15202,61490000
EURUSD,20251124,210700,1.15203,1.15208,1.15203,1.15207,16120000
EURUSD,20251124,210800,1.15208,1.1521,1.15208,1.15209,10890000
EURUSD,20251124,210900,1.15212,1.15217,1.15211,1.15217,28740000
EURUSD,20251124,211000,1.15218,1.15224,1.15218,1.15222,14890000
EURUSD,20251124,211100,1.15222,1.15222,1.15216,1.15219,25040000
EURUSD,20251124,211200,1.1522,1.1522,1.15216,1.15216,10980000
EURUSD,20251124,211300,1.15217,1.15217,1.15217,1.15217,900000
EURUSD,20251124,211400,1.15218,1.15218,1.15216,1.15216,3600000
EURUSD,20251124,211500,1.15216,1.15216,1.15215,1.15216,4260000
EURUSD,20251124,211600,1.15215,1.15218,1.15215,1.15217,13980000
EURUSD,20251124,211700,1.15216,1.15218,1.15212,1.15212,17550000
EURUSD,20251124,211800,1.15215,1.15215,1.15207,1.15209,13590000
EURUSD,20251124,211900,1.15209,1.15213,1.15209,1.15213,8190000
EURUSD,20251124,212000,1.1521,1.1521,1.1521,1.1521,4950000
EURUSD,20251124,212100,1.15212,1.15212,1.15211,1.15212,3600000
EURUSD,20251124,212200,1.15212,1.15213,1.15211,1.15211,7570000
EURUSD,20251124,212300,1.15213,1.15213,1.15206,1.15206,15670000
EURUSD,20251124,212400,1.15207,1.1521,1.15206,1.15207,12440000
EURUSD,20251124,212600,1.15207,1.1521,1.15206,1.15208,31180000
EURUSD,20251124,212700,1.15209,1.15209,1.15207,1.15207,9990000
EURUSD,20251124,212800,1.15208,1.15209,1.15207,1.15208,10800000
EURUSD,20251124,212900,1.15207,1.15208,1.152,1.15201,29620000
EURUSD,20251124,213000,1.15202,1.15202,1.15202,1.15202,1800000
EURUSD,20251124,213100,1.152,1.152,1.15196,1.15196,13340000
EURUSD,20251124,213200,1.15196,1.15196,1.15191,1.15191,23000000
EURUSD,20251124,213300,1.15192,1.15194,1.15192,1.15193,15880000
EURUSD,20251124,213400,1.15191,1.15196,1.15191,1.15196,17600000
EURUSD,20251124,213500,1.15195,1.15196,1.15195,1.15196,4340000
EURUSD,20251124,213600,1.15196,1.15206,1.15196,1.15206,8920000
EURUSD,20251124,213700,1.15208,1.15208,1.15208,1.15208,900000
EURUSD,20251124,213800,1.15209,1.15209,1.15208,1.15208,2700000
EURUSD,20251124,213900,1.15208,1.15208,1.15207,1.15207,3600000
EURUSD,20251124,214000,1.15207,1.15207,1.15207,1.15207,2700000
EURUSD,20251124,214100,1.15208,1.15211,1.15207,1.1521,9070000
EURUSD,20251124,214200,1.15211,1.15212,1.15211,1.15212,3600000
EURUSD,20251124,214300,1.15211,1.15212,1.15211,1.15211,11700000
EURUSD,20251124,214400,1.1521,1.15215,1.1521,1.1521,10710000
EURUSD,20251124,214500,1.1521,1.15213,1.15202,1.15213,25410000
EURUSD,20251124,214600,1.15212,1.15213,1.15212,1.15212,7570000
EURUSD,20251124,214700,1.15213,1.15216,1.15213,1.15215,16420000
EURUSD,20251124,214800,1.15213,1.15216,1.15213,1.15215,11700000
EURUSD,20251124,214900,1.15216,1.15223,1.15214,1.15223,15800000
EURUSD,20251124,215000,1.15219,1.15219,1.15206,1.15211,34860000
EURUSD,20251124,215100,1.15211,1.15211,1.15206,1.15208,16940000
EURUSD,20251124,215200,1.15208,1.15212,1.15207,1.15211,19480000
EURUSD,20251124,215300,1.15213,1.15213,1.15212,1.15212,2700000
EURUSD,20251124,215500,1.1521,1.15213,1.1521,1.15213,7490000
EURUSD,20251124,215600,1.15215,1.15215,1.15212,1.15214,4560000
EURUSD,20251124,215700,1.15214,1.15217,1.1521,1.15216,89720000
EURUSD,20251124,215800,1.15214,1.15218,1.15202,1.15211,283850000
EURUSD,20251124,215900,1.15211,1.15212,1.15196,1.15205,369280000
EURUSD,20251124,220000,1.15203,1.15203,1.15198,1.15198,3150000
EURUSD,20251124,220100,1.15198,1.15198,1.1519,1.1519,20530000
EURUSD,20251124,220300,1.15192,1.15192,1.1519,1.1519,8340000
EURUSD,20251124,220400,1.1519,1.1519,1.1519,1.1519,10120000
EURUSD,20251124,220500,1.15193,1.15219,1.1519,1.15218,21530000
EURUSD,20251124,220600,1.15202,1.15215,1.15202,1.15215,8890000
EURUSD,20251124,220700,1.15206,1.15215,1.15206,1.15207,6350000
EURUSD,20251124,220800,1.15207,1.15212,1.15207,1.15211,10160000
EURUSD,20251124,220900,1.15209,1.15211,1.15209,1.15211,2540000
EURUSD,20251124,221000,1.1521,1.15232,1.15209,1.15231,11060000
EURUSD,20251124,221100,1.15231,1.15233,1.1523,1.15232,10110000
EURUSD,20251124,221200,1.15231,1.15232,1.15217,1.15224,28350000
EURUSD,20251124,221300,1.15224,1.15239,1.15223,1.15235,12340000
EURUSD,20251124,221400,1.15234,1.15234,1.15234,1.15234,220000
EURUSD,20251124,221500,1.15234,1.15234,1.15225,1.15227,9220000
EURUSD,20251124,221600,1.15234,1.15234,1.15234,1.15234,220000
EURUSD,20251124,221700,1.15233,1.15233,1.15225,1.15225,1120000
EURUSD,20251124,221800,1.15227,1.15234,1.15227,1.15234,2240000
EURUSD,20251124,221900,1.15233,1.15233,1.15226,1.15226,1120000
EURUSD,20251124,222000,1.15221,1.15234,1.15221,1.15234,1960000
EURUSD,20251124,222100,1.15234,1.15234,1.15226,1.15233,2440000
EURUSD,20251124,222200,1.15233,1.15234,1.15233,1.15234,480000
EURUSD,20251124,222300,1.15234,1.15234,1.15233,1.15233,1060000
EURUSD,20251124,222400,1.15223,1.15223,1.15211,1.15223,14400000
EURUSD,20251124,222500,1.15212,1.15231,1.15212,1.15228,4500000
EURUSD,20251124,222600,1.15229,1.1523,1.15229,1.1523,1800000
EURUSD,20251124,222700,1.15227,1.15227,1.15226,1.15227,2700000
EURUSD,20251124,222800,1.1523,1.1523,1.15222,1.15222,4500000
EURUSD,20251124,222900,1.15215,1.15215,1.15212,1.15212,5400000
EURUSD,20251124,223000,1.15214,1.15233,1.15214,1.15233,9320000
EURUSD,20251124,223100,1.15234,1.15234,1.15233,1.15233,320000
EURUSD,20251124,223200,1.15227,1.15228,1.15224,1.15224,18000000
EURUSD,20251124,223300,1.15226,1.15226,1.15222,1.15222,19800000
EURUSD,20251124,223400,1.15224,1.15224,1.15224,1.15224,4500000
EURUSD,20251124,223500,1.15222,1.15224,1.15222,1.15222,22500000
EURUSD,20251124,223600,1.15224,1.15227,1.15223,1.15226,17100000
EURUSD,20251124,223700,1.15228,1.15229,1.15226,1.15229,10800000
EURUSD,20251124,223800,1.15229,1.15229,1.15222,1.15225,24750000
EURUSD,20251124,223900,1.15224,1.15228,1.15222,1.15226,17100000
EURUSD,20251124,224000,1.15225,1.15226,1.15225,1.15226,9900000
EURUSD,20251124,224100,1.15225,1.15226,1.15225,1.15226,15300000
EURUSD,20251124,224200,1.15225,1.15225,1.15225,1.15225,900000
EURUSD,20251124,224300,1.15224,1.15227,1.15211,1.15226,31050000
EURUSD,20251124,224400,1.15227,1.15228,1.15226,1.15228,5400000
EURUSD,20251124,224500,1.15228,1.15235,1.15228,1.15231,5850000
EURUSD,20251124,224600,1.15231,1.15232,1.15231,1.15232,4500000
EURUSD,20251124,224700,1.15232,1.15242,1.15231,1.15239,26100000
EURUSD,20251124,224800,1.1524,1.15244,1.15231,1.15233,27000000
EURUSD,20251124,224900,1.15235,1.15243,1.15231,1.15242,70930000
EURUSD,20251124,225000,1.15235,1.15248,1.15233,1.15234,47740000
EURUSD,20251124,225100,1.15244,1.15246,1.15233,1.15241,20700000
EURUSD,20251124,225200,1.15247,1.1525,1.15231,1.15243,44310000
EURUSD,20251124,225300,1.15248,1.15251,1.15242,1.15243,29250000
EURUSD,20251124,225400,1.15246,1.15254,1.1524,1.15244,51750000
EURUSD,20251124,225500,1.15253,1.15256,1.15241,1.15253,59850000
EURUSD,20251124,225600,1.15251,1.15254,1.15249,1.15251,32400000
EURUSD,20251124,225700,1.15251,1.15252,1.15245,1.15245,30150000
EURUSD,20251124,225800,1.15243,1.15256,1.15243,1.15251,31500000
EURUSD,20251124,225900,1.15255,1.15255,1.15244,1.15244,18990000
EURUSD,20251124,230000,1.15245,1.15245,1.15229,1.15232,79460000
EURUSD,20251124,230100,1.15233,1.15236,1.15228,1.15234,57600000
EURUSD,20251124,230200,1.15233,1.15233,1.15228,1.15229,36900000
EURUSD,20251124,230300,1.15229,1.15229,1.15217,1.15217,44550000
EURUSD,20251124,230400,1.15219,1.15225,1.15216,1.15223,50980000
EURUSD,20251124,230500,1.15223,1.15225,1.15216,1.15216,27900000
EURUSD,20251124,230600,1.15216,1.1522,1.1521,1.15213,47110000
EURUSD,20251124,230700,1.15212,1.15216,1.1521,1.15214,35100000
EURUSD,20251124,230800,1.15211,1.15217,1.15211,1.15216,22950000
EURUSD,20251124,230900,1.15219,1.1523,1.15214,1.15226,41850000
EURUSD,20251124,231000,1.15226,1.15228,1.15222,1.15228,38730000
EURUSD,20251124,231100,1.15228,1.15228,1.15221,1.15225,19250000
EURUSD,20251124,231200,1.15224,1.15224,1.15216,1.15219,10360000
EURUSD,20251124,231300,1.15215,1.15217,1.15211,1.15217,7090000
EURUSD,20251124,231400,1.15216,1.15217,1.15215,1.15217,5970000
EURUSD,20251124,231500,1.15221,1.15222,1.15217,1.15218,26120000
EURUSD,20251124,231600,1.15217,1.1522,1.15217,1.1522,5290000
EURUSD,20251124,231700,1.15222,1.1523,1.15222,1.15229,8100000
EURUSD,20251124,231800,1.15231,1.15233,1.15226,1.15233,9680000
EURUSD,20251124,231900,1.15232,1.15232,1.1523,1.1523,21860000
EURUSD,20251124,232000,1.15231,1.15231,1.15225,1.15225,21400000
EURUSD,20251124,232100,1.15225,1.15225,1.15221,1.15221,8450000
EURUSD,20251124,232200,1.15219,1.15219,1.15219,1.15219,900000
EURUSD,20251124,232300,1.15221,1.15221,1.1522,1.1522,1800000
EURUSD,20251124,232400,1.15223,1.15223,1.15221,1.15221,3490000
EURUSD,20251124,232500,1.15221,1.15221,1.15221,1.15221,900000
EURUSD,20251124,232600,1.15222,1.15222,1.15222,1.15222,900000
EURUSD,20251124,232700,1.1522,1.15227,1.1522,1.15225,4390000
EURUSD,20251124,232800,1.15227,1.15227,1.15226,1.15226,1800000
EURUSD,20251124,232900,1.15227,1.1523,1.15226,1.15227,8100000
EURUSD,20251124,233000,1.15227,1.15227,1.15225,1.15226,5400000
EURUSD,20251124,233100,1.15225,1.15225,1.15222,1.15222,4500000
EURUSD,20251124,233200,1.15221,1.15221,1.15218,1.15221,7650000
EURUSD,20251124,233300,1.15223,1.15223,1.15223,1.15223,900000
EURUSD,20251124,233400,1.15225,1.15225,1.15223,1.15223,4390000
EURUSD,20251124,233500,1.15224,1.15224,1.15224,1.15224,900000
EURUSD,20251124,233600,1.15222,1.15222,1.15218,1.15218,5970000
EURUSD,20251124,233700,1.15218,1.15218,1.15212,1.15213,7770000
EURUSD,20251124,233800,1.1521,1.1521,1.1521,1.1521,900000
EURUSD,20251124,233900,1.15209,1.15209,1.15201,1.15201,10360000
EURUSD,20251124,234000,1.15203,1.15203,1.15203,1.15203,900000
EURUSD,20251124,234100,1.15206,1.15206,1.15206,1.15206,900000
EURUSD,20251124,234200,1.15206,1.1521,1.15206,1.1521,9900000
EURUSD,20251124,234300,1.15208,1.15208,1.15206,1.15206,4390000
EURUSD,20251124,234400,1.15206,1.15206,1.15204,1.15205,2700000
EURUSD,20251124,234500,1.15206,1.15208,1.15206,1.15206,9090000
EURUSD,20251124,234600,1.15205,1.15211,1.15205,1.15208,14420000
EURUSD,20251124,234700,1.15208,1.15212,1.15205,1.15205,34150000
EURUSD,20251124,234800,1.15206,1.15206,1.15204,1.15204,5750000
EURUSD,20251124,234900,1.15204,1.15211,1.15204,1.15211,17910000
EURUSD,20251124,235000,1.1521,1.15211,1.15209,1.15211,12140000
EURUSD,20251124,235100,1.1521,1.1521,1.15209,1.15209,20000000
EURUSD,20251124,235200,1.15209,1.1521,1.15208,1.15208,14840000
EURUSD,20251124,235300,1.15209,1.1521,1.15204,1.15208,32780000
EURUSD,20251124,235400,1.15208,1.15209,1.15207,1.15208,17410000
EURUSD,20251124,235500,1.15209,1.1521,1.15209,1.1521,4170000
EURUSD,20251124,235600,1.15206,1.15206,1.15202,1.15202,27140000
EURUSD,20251124,235700,1.15203,1.15205,1.15193,1.15193,21410000
EURUSD,20251124,235800,1.15192,1.15192,1.15184,1.15191,21070000
EURUSD,20251124,235900,1.15194,1.15201,1.15194,1.152,21240000